Herstellernummer,Zulassung,Gemeinden,Number of Vehicle,Defective Vehicle,Number of Components,Defective Components,Number of Parts,Defective Parts
1,2014-01-03,BOCHUM,8,7,32,5,104,7
1,2014-01-03,DORTMUND,14,14,56,9,182,19
1,2014-01-03,GELSENKIRCHEN,4,4,16,3,52,7
1,2014-01-08,BOCHUM,24,22,96,14,312,26
1,2014-01-08,DORTMUND,11,10,44,6,143,15
1,2014-01-08,GELSENKIRCHEN,10,9,40,6,130,17
1,2014-01-09,BOCHUM,10,10,40,6,130,24
1,2014-01-09,DORTMUND,18,15,72,17,234,14
1,2014-01-09,GELSENKIRCHEN,6,5,24,4,78,5
1,2014-01-13,BOCHUM,10,10,40,3,130,15
1,2014-01-13,DORTMUND,20,17,80,9,260,22
1,2014-01-13,GELSENKIRCHEN,4,3,16,0,52,10
1,2014-01-14,BOCHUM,6,6,24,3,78,10
1,2014-01-14,DORTMUND,12,10,48,8,156,19
1,2014-01-15,DORTMUND,2,2,8,1,26,4
1,2014-01-16,BOCHUM,8,8,32,3,104,19
1,2014-01-16,DORTMUND,18,16,72,8,234,24
1,2014-01-16,GELSENKIRCHEN,8,4,32,4,104,7
1,2014-01-17,BOCHUM,10,9,40,8,130,18
1,2014-01-17,DORTMUND,18,16,72,14,234,25
1,2014-01-17,GELSENKIRCHEN,4,4,16,3,52,5
1,2014-01-20,BOCHUM,12,12,48,9,156,18
1,2014-01-20,DORTMUND,22,20,88,10,286,27
1,2014-01-20,GELSENKIRCHEN,3,3,12,2,39,3
1,2014-01-21,BOCHUM,59,51,236,19,767,83
1,2014-01-21,DORTMUND,132,112,528,54,1716,180
1,2014-01-22,DORTMUND,2,2,8,0,26,5
1,2014-01-23,BOCHUM,28,22,112,12,364,32
1,2014-01-23,DORTMUND,32,29,128,19,416,46
1,2014-01-23,GELSENKIRCHEN,12,11,48,6,156,17
1,2014-01-24,BOCHUM,12,9,48,1,156,19
1,2014-01-24,DORTMUND,26,24,104,11,338,29
1,2014-01-24,GELSENKIRCHEN,10,9,40,5,130,9
1,2014-01-27,GELSENKIRCHEN,1,1,4,1,13,1
1,2014-01-29,BOCHUM,12,11,48,4,156,17
1,2014-01-29,DORTMUND,22,20,88,9,286,39
1,2014-01-29,GELSENKIRCHEN,8,7,32,3,104,15
1,2014-01-30,BOCHUM,58,51,232,22,754,77
1,2014-01-30,DORTMUND,64,55,256,28,832,86
1,2014-01-30,GELSENKIRCHEN,30,29,120,19,390,46
1,2014-01-31,BOCHUM,8,5,32,0,104,11
1,2014-01-31,DORTMUND,12,10,48,7,156,14
1,2014-01-31,GELSENKIRCHEN,4,4,16,2,52,6
1,2014-02-03,BOCHUM,12,9,48,5,156,18
1,2014-02-03,DORTMUND,18,17,72,12,234,21
1,2014-02-03,GELSENKIRCHEN,4,2,16,1,52,3
1,2014-02-04,BOCHUM,20,18,80,9,260,37
1,2014-02-04,DORTMUND,46,45,184,23,598,67
1,2014-02-04,GELSENKIRCHEN,10,9,40,4,130,16
1,2014-02-05,DORTMUND,8,7,32,4,104,17
1,2014-02-06,BOCHUM,2,2,8,0,26,5
1,2014-02-06,DORTMUND,12,11,48,7,156,16
1,2014-02-07,BOCHUM,6,5,24,4,78,7
1,2014-02-07,DORTMUND,10,9,40,4,130,17
1,2014-02-10,DORTMUND,2,1,8,1,26,0
1,2014-02-10,GELSENKIRCHEN,8,8,32,4,104,15
1,2014-02-10,NORDKIRCHEN,2,2,8,3,26,8
1,2014-02-11,DORTMUND,4,2,16,3,52,3
1,2014-02-12,BOCHUM,4,4,16,3,52,6
1,2014-02-12,DORTMUND,10,9,40,5,130,19
1,2014-02-13,BOCHUM,12,9,48,1,156,18
1,2014-02-13,DORTMUND,16,14,64,9,208,14
1,2014-02-13,GELSENKIRCHEN,6,5,24,3,78,7
1,2014-02-14,BOCHUM,8,8,32,2,104,17
1,2014-02-14,DORTMUND,14,14,56,10,182,20
1,2014-02-14,GELSENKIRCHEN,4,3,16,4,52,3
1,2014-02-17,BOCHUM,12,10,48,3,156,19
1,2014-02-17,DORTMUND,20,17,80,7,260,16
1,2014-02-17,GELSENKIRCHEN,4,3,16,1,52,7
1,2014-02-20,BOCHUM,12,9,48,7,156,12
1,2014-02-20,DORTMUND,6,6,24,3,78,11
1,2014-02-20,GELSENKIRCHEN,10,9,40,6,130,9
1,2014-02-20,NORDKIRCHEN,6,5,24,2,78,7
1,2014-02-21,BOCHUM,158,138,632,86,2054,206
1,2014-02-21,GELSENKIRCHEN,40,34,160,19,520,53
1,2014-02-24,BOCHUM,18,16,72,12,234,23
1,2014-02-24,DORTMUND,42,37,168,8,546,62
1,2014-02-24,GELSENKIRCHEN,12,11,48,3,156,16
1,2014-02-25,BOCHUM,2,2,8,1,26,1
1,2014-02-25,DORTMUND,8,6,32,5,104,6
1,2014-02-26,DORTMUND,21,16,84,8,273,30
1,2014-02-27,BOCHUM,2,2,8,0,26,5
1,2014-02-27,GELSENKIRCHEN,18,18,72,12,234,22
1,2014-02-27,NORDKIRCHEN,4,4,16,2,52,7
1,2014-02-28,GELSENKIRCHEN,3,3,12,1,39,4
1,2014-03-03,BOCHUM,12,11,48,7,156,17
1,2014-03-03,DORTMUND,24,23,96,11,312,34
1,2014-03-03,GELSENKIRCHEN,8,6,32,4,104,11
1,2014-03-04,BOCHUM,38,33,152,17,494,49
1,2014-03-04,DORTMUND,50,40,200,22,650,66
1,2014-03-04,GELSENKIRCHEN,20,17,80,14,260,27
1,2014-03-05,BOCHUM,6,5,24,4,78,9
1,2014-03-05,DORTMUND,12,10,48,7,156,18
1,2014-03-06,BOCHUM,10,9,40,4,130,8
1,2014-03-06,DORTMUND,16,16,64,12,208,22
1,2014-03-06,GELSENKIRCHEN,2,2,8,2,26,4
1,2014-03-07,BOCHUM,8,8,32,2,104,9
1,2014-03-07,DORTMUND,14,14,56,5,182,19
1,2014-03-07,GELSENKIRCHEN,2,2,8,2,26,2
1,2014-03-10,DORTMUND,6,6,24,3,78,7
1,2014-03-11,BOCHUM,4,4,16,4,52,6
1,2014-03-11,DORTMUND,10,9,40,4,130,12
1,2014-03-11,NORDKIRCHEN,2,2,8,0,26,5
1,2014-03-12,BOCHUM,8,6,32,6,104,10
1,2014-03-12,DORTMUND,14,13,56,7,182,25
1,2014-03-12,GELSENKIRCHEN,4,4,16,2,52,5
1,2014-03-12,NORDKIRCHEN,2,2,8,1,26,3
1,2014-03-13,BOCHUM,16,13,64,6,208,24
1,2014-03-13,DORTMUND,26,22,104,11,338,31
1,2014-03-13,GELSENKIRCHEN,8,7,32,7,104,8
1,2014-03-14,BOCHUM,12,10,48,9,156,15
1,2014-03-14,DORTMUND,18,16,72,5,234,23
1,2014-03-14,GELSENKIRCHEN,6,4,24,2,78,9
1,2014-03-17,BOCHUM,18,14,72,7,234,26
1,2014-03-17,DORTMUND,34,28,136,13,442,39
1,2014-03-17,GELSENKIRCHEN,10,9,40,6,130,16
1,2014-03-19,NORDKIRCHEN,6,5,24,3,78,14
1,2014-03-20,BOCHUM,18,16,72,5,234,23
1,2014-03-20,DORTMUND,40,38,160,24,520,60
1,2014-03-20,GELSENKIRCHEN,10,8,40,7,130,9
1,2014-03-21,BOCHUM,137,118,548,68,1781,194
1,2014-03-21,GELSENKIRCHEN,160,138,640,71,2080,221
1,2014-03-24,NORDKIRCHEN,2,1,8,1,26,2
1,2014-03-25,BOCHUM,4,3,16,3,52,2
1,2014-03-25,DORTMUND,12,12,48,8,156,21
1,2014-03-26,BOCHUM,44,37,176,20,572,64
1,2014-03-26,DORTMUND,46,38,184,15,598,64
1,2014-03-26,GELSENKIRCHEN,20,18,80,9,260,29
1,2014-03-27,NORDKIRCHEN,2,2,8,1,26,2
1,2014-03-28,BOCHUM,26,26,104,13,338,43
1,2014-03-28,DORTMUND,48,44,192,21,624,68
1,2014-03-28,GELSENKIRCHEN,10,8,40,4,130,6
1,2014-04-01,BOCHUM,6,6,24,2,78,13
1,2014-04-01,DORTMUND,14,13,56,7,182,16
1,2014-04-01,GELSENKIRCHEN,4,3,16,0,52,5
1,2014-04-01,NORDKIRCHEN,4,4,16,6,52,6
1,2014-04-02,BOCHUM,2,2,8,2,26,4
1,2014-04-02,DORTMUND,8,8,32,7,104,9
1,2014-04-02,NORDKIRCHEN,2,1,8,0,26,2
1,2014-04-03,BOCHUM,12,9,48,3,156,11
1,2014-04-03,DORTMUND,22,18,88,9,286,40
1,2014-04-03,GELSENKIRCHEN,6,6,24,1,78,11
1,2014-04-04,BOCHUM,40,34,160,17,520,55
1,2014-04-04,DORTMUND,52,48,208,29,676,84
1,2014-04-04,GELSENKIRCHEN,16,14,64,6,208,25
1,2014-04-07,BOCHUM,8,5,32,3,104,9
1,2014-04-07,DORTMUND,14,13,56,8,182,17
1,2014-04-08,BOCHUM,30,26,120,14,390,43
1,2014-04-08,DORTMUND,46,37,184,27,598,53
1,2014-04-08,GELSENKIRCHEN,22,19,88,14,286,34
1,2014-04-10,DORTMUND,6,5,24,1,78,6
1,2014-04-10,NORDKIRCHEN,4,4,16,0,52,11
1,2014-04-11,BOCHUM,4,1,16,2,52,1
1,2014-04-11,DORTMUND,10,10,40,2,130,16
1,2014-04-14,BOCHUM,10,8,40,2,130,12
1,2014-04-14,DORTMUND,18,18,72,9,234,39
1,2014-04-14,GELSENKIRCHEN,6,6,24,2,78,9
1,2014-04-15,DORTMUND,6,5,24,5,78,6
1,2014-04-16,BOCHUM,18,15,72,7,234,29
1,2014-04-16,DORTMUND,30,26,120,16,390,33
1,2014-04-16,GELSENKIRCHEN,8,7,32,2,104,10
1,2014-04-18,BOCHUM,14,13,56,4,182,28
1,2014-04-18,DORTMUND,30,26,120,13,390,44
1,2014-04-18,GELSENKIRCHEN,8,8,32,6,104,14
1,2014-04-21,BOCHUM,138,117,552,58,1794,175
1,2014-04-21,DORTMUND,132,117,528,54,1716,188
1,2014-04-21,GELSENKIRCHEN,150,132,600,74,1950,205
1,2014-04-22,DORTMUND,6,5,24,2,78,12
1,2014-04-24,BOCHUM,24,23,96,8,312,33
1,2014-04-24,DORTMUND,40,36,160,22,520,65
1,2014-04-24,GELSENKIRCHEN,12,8,48,8,156,11
1,2014-04-25,BOCHUM,6,6,24,4,78,9
1,2014-04-25,DORTMUND,12,11,48,5,156,14
1,2014-04-28,BOCHUM,20,18,80,12,260,31
1,2014-04-28,DORTMUND,34,29,136,15,442,47
1,2014-04-28,GELSENKIRCHEN,10,8,40,4,130,18
1,2014-04-30,BOCHUM,60,52,240,29,780,73
1,2014-04-30,DORTMUND,76,67,304,44,988,96
1,2014-04-30,GELSENKIRCHEN,36,31,144,14,468,50
1,2014-05-01,BOCHUM,8,7,32,7,104,12
1,2014-05-01,DORTMUND,14,11,56,3,182,20
1,2014-05-01,GELSENKIRCHEN,2,2,8,0,26,2
1,2014-05-02,DORTMUND,6,6,24,2,78,8
1,2014-05-02,NORDKIRCHEN,2,2,8,2,26,4
1,2014-05-05,BOCHUM,4,3,16,1,52,8
1,2014-05-05,DORTMUND,10,9,40,1,130,14
1,2014-05-06,BOCHUM,8,7,32,3,104,8
1,2014-05-06,DORTMUND,14,12,56,7,182,17
1,2014-05-07,BOCHUM,8,7,32,5,104,14
1,2014-05-07,DORTMUND,14,10,56,6,182,17
1,2014-05-09,BOCHUM,12,11,48,6,156,19
1,2014-05-09,DORTMUND,24,24,96,6,312,46
1,2014-05-09,GELSENKIRCHEN,8,6,32,2,104,11
1,2014-05-12,NORDKIRCHEN,2,2,8,1,26,4
1,2014-05-13,BOCHUM,16,15,64,8,208,17
1,2014-05-13,DORTMUND,28,24,112,11,364,39
1,2014-05-13,GELSENKIRCHEN,10,10,40,7,130,19
1,2014-05-15,DORTMUND,6,6,24,4,78,6
1,2014-05-16,BOCHUM,16,14,64,8,208,24
1,2014-05-16,DORTMUND,10,10,40,6,130,17
1,2014-05-16,GELSENKIRCHEN,10,10,40,13,130,13
1,2014-05-19,NORDKIRCHEN,6,6,24,4,78,13
1,2014-05-20,BOCHUM,24,18,96,11,312,32
1,2014-05-20,DORTMUND,32,28,128,17,416,43
1,2014-05-20,GELSENKIRCHEN,10,9,40,6,130,12
1,2014-05-21,DORTMUND,124,115,496,65,1612,185
1,2014-05-21,GELSENKIRCHEN,92,76,368,52,1196,103
1,2014-05-22,DORTMUND,6,5,24,1,78,6
1,2014-05-23,BOCHUM,34,30,136,23,442,55
1,2014-05-23,DORTMUND,48,43,192,21,624,76
1,2014-05-23,GELSENKIRCHEN,18,15,72,11,234,30
1,2014-05-26,BOCHUM,35,32,140,21,455,53
1,2014-05-26,GELSENKIRCHEN,18,18,72,11,234,25
1,2014-05-27,DORTMUND,2,2,8,0,26,5
1,2014-05-28,BOCHUM,18,18,72,9,234,24
1,2014-05-28,DORTMUND,44,37,176,20,572,61
1,2014-05-28,GELSENKIRCHEN,12,12,48,7,156,15
1,2014-05-29,BOCHUM,2,2,8,1,26,7
1,2014-05-29,GELSENKIRCHEN,10,10,40,9,130,12
1,2014-05-30,BOCHUM,60,53,240,29,780,86
1,2014-05-30,DORTMUND,72,64,288,39,936,113
1,2014-05-30,GELSENKIRCHEN,36,31,144,13,468,47
1,2014-06-02,NORDKIRCHEN,2,2,8,1,26,1
1,2014-06-03,BOCHUM,12,10,48,4,156,18
1,2014-06-03,DORTMUND,20,16,80,7,260,21
1,2014-06-03,GELSENKIRCHEN,6,6,24,4,78,12
1,2014-06-04,BOCHUM,40,34,160,21,520,53
1,2014-06-04,DORTMUND,54,48,216,23,702,78
1,2014-06-04,GELSENKIRCHEN,18,13,72,5,234,17
1,2014-06-05,BOCHUM,6,6,24,0,78,11
1,2014-06-05,DORTMUND,10,9,40,4,130,14
1,2014-06-06,BOCHUM,8,7,32,7,104,9
1,2014-06-06,DORTMUND,14,14,56,6,182,30
1,2014-06-10,DORTMUND,6,4,24,4,78,6
1,2014-06-10,NORDKIRCHEN,4,4,16,3,52,6
1,2014-06-11,BOCHUM,4,3,16,2,52,4
1,2014-06-11,DORTMUND,10,9,40,4,130,9
1,2014-06-12,BOCHUM,6,6,24,1,78,9
1,2014-06-12,DORTMUND,12,11,48,4,156,18
1,2014-06-12,GELSENKIRCHEN,2,1,8,1,26,1
1,2014-06-13,BOCHUM,16,14,64,5,208,21
1,2014-06-13,DORTMUND,24,22,96,13,312,39
1,2014-06-13,GELSENKIRCHEN,10,9,40,3,130,16
1,2014-06-16,BOCHUM,18,16,72,11,234,28
1,2014-06-16,DORTMUND,30,26,120,14,390,42
1,2014-06-16,GELSENKIRCHEN,8,7,32,3,104,7
1,2014-06-18,BOCHUM,14,12,56,9,182,14
1,2014-06-18,DORTMUND,30,26,120,17,390,42
1,2014-06-18,GELSENKIRCHEN,8,6,32,5,104,12
1,2014-06-19,NORDKIRCHEN,4,3,16,2,52,8
1,2014-06-20,BOCHUM,14,10,56,6,182,15
1,2014-06-20,DORTMUND,26,22,104,10,338,30
1,2014-06-20,GELSENKIRCHEN,8,6,32,2,104,11
1,2014-06-24,BOCHUM,24,20,96,11,312,36
1,2014-06-24,DORTMUND,42,38,168,23,546,59
1,2014-06-24,GELSENKIRCHEN,12,12,48,7,156,25
1,2014-06-26,BOCHUM,38,32,152,18,494,50
1,2014-06-26,DORTMUND,54,45,216,26,702,74
1,2014-06-26,GELSENKIRCHEN,18,13,72,11,234,23
1,2014-06-27,DORTMUND,2,2,8,1,26,1
1,2014-06-27,NORDKIRCHEN,2,2,8,1,26,3
1,2014-06-30,BOCHUM,62,56,248,35,806,95
1,2014-06-30,DORTMUND,76,73,304,54,988,125
1,2014-06-30,GELSENKIRCHEN,44,35,176,22,572,46
1,2014-07-01,BOCHUM,6,4,24,5,78,5
1,2014-07-01,DORTMUND,14,11,56,7,182,17
1,2014-07-01,GELSENKIRCHEN,2,2,8,3,26,3
1,2014-07-02,DORTMUND,6,6,24,2,78,11
1,2014-07-02,NORDKIRCHEN,2,2,8,3,26,2
1,2014-07-03,BOCHUM,12,10,48,7,156,15
1,2014-07-03,DORTMUND,22,19,88,15,286,31
1,2014-07-03,GELSENKIRCHEN,4,4,16,1,52,5
1,2014-07-07,BOCHUM,6,5,24,2,78,12
1,2014-07-07,DORTMUND,12,12,48,11,156,19
1,2014-07-07,GELSENKIRCHEN,4,4,16,4,52,5
1,2014-07-08,BOCHUM,34,29,136,14,442,40
1,2014-07-08,DORTMUND,48,43,192,19,624,70
1,2014-07-08,GELSENKIRCHEN,18,15,72,9,234,18
1,2014-07-10,DORTMUND,4,4,16,1,52,7
1,2014-07-10,NORDKIRCHEN,2,2,8,3,26,3
1,2014-07-11,DORTMUND,8,8,32,3,104,10
1,2014-07-11,NORDKIRCHEN,2,2,8,0,26,3
1,2014-07-14,BOCHUM,10,10,40,7,130,20
1,2014-07-14,DORTMUND,16,15,64,4,208,20
1,2014-07-14,GELSENKIRCHEN,6,6,24,3,78,10
1,2014-07-15,DORTMUND,6,6,24,4,78,8
1,2014-07-17,BOCHUM,12,10,48,2,156,14
1,2014-07-17,DORTMUND,28,27,112,16,364,44
1,2014-07-17,GELSENKIRCHEN,8,7,32,5,104,12
1,2014-07-18,BOCHUM,14,12,56,8,182,17
1,2014-07-18,DORTMUND,28,25,112,13,364,40
1,2014-07-18,GELSENKIRCHEN,6,6,24,0,78,9
1,2014-07-21,BOCHUM,140,130,560,82,1820,218
1,2014-07-21,DORTMUND,136,119,544,68,1768,176
1,2014-07-21,GELSENKIRCHEN,85,72,340,28,1105,126
1,2014-07-22,DORTMUND,6,5,24,4,78,5
1,2014-07-23,BOCHUM,26,22,104,18,338,46
1,2014-07-23,DORTMUND,19,18,76,12,247,28
1,2014-07-23,GELSENKIRCHEN,14,14,56,9,182,26
1,2014-07-24,BOCHUM,14,13,56,4,182,17
1,2014-07-24,GELSENKIRCHEN,16,14,64,9,208,20
1,2014-07-24,NORDKIRCHEN,4,3,16,3,52,4
1,2014-07-25,BOCHUM,6,6,24,3,78,9
1,2014-07-25,DORTMUND,12,11,48,6,156,12
1,2014-07-25,GELSENKIRCHEN,2,2,8,0,26,4
1,2014-07-28,BOCHUM,14,14,56,10,182,17
1,2014-07-28,DORTMUND,40,35,160,16,520,61
1,2014-07-28,GELSENKIRCHEN,10,9,40,2,130,12
1,2014-07-30,BOCHUM,72,65,288,28,936,109
1,2014-07-30,DORTMUND,70,58,280,23,910,95
1,2014-07-30,GELSENKIRCHEN,34,30,136,19,442,39
1,2014-07-31,BOCHUM,10,9,40,5,130,13
1,2014-07-31,DORTMUND,20,20,80,15,260,31
1,2014-07-31,GELSENKIRCHEN,6,6,24,0,78,8
1,2014-08-01,BOCHUM,4,3,16,0,52,5
1,2014-08-01,DORTMUND,10,9,40,4,130,15
1,2014-08-04,BOCHUM,20,16,80,7,260,29
1,2014-08-04,DORTMUND,42,35,168,16,546,53
1,2014-08-04,GELSENKIRCHEN,10,9,40,2,130,13
1,2014-08-08,BOCHUM,26,22,104,11,338,26
1,2014-08-08,DORTMUND,36,34,144,20,468,56
1,2014-08-08,GELSENKIRCHEN,8,7,32,6,104,13
1,2014-08-11,DORTMUND,4,4,16,4,52,10
1,2014-08-12,BOCHUM,2,2,8,1,26,6
1,2014-08-12,DORTMUND,8,7,32,3,104,14
1,2014-08-13,BOCHUM,14,12,56,4,182,23
1,2014-08-13,DORTMUND,18,17,72,7,234,21
1,2014-08-13,GELSENKIRCHEN,6,6,24,6,78,11
1,2014-08-14,BOCHUM,6,5,24,3,78,11
1,2014-08-14,DORTMUND,12,12,48,4,156,17
1,2014-08-14,GELSENKIRCHEN,4,4,16,1,52,5
1,2014-08-15,DORTMUND,2,2,8,2,26,2
1,2014-08-18,BOCHUM,8,7,32,3,104,13
1,2014-08-18,DORTMUND,26,24,104,9,338,45
1,2014-08-18,GELSENKIRCHEN,6,6,24,4,78,7
1,2014-08-19,GELSENKIRCHEN,19,15,76,6,247,16
1,2014-08-19,NORDKIRCHEN,2,2,8,2,26,3
1,2014-08-20,BOCHUM,8,8,32,4,104,14
1,2014-08-20,DORTMUND,26,21,104,7,338,40
1,2014-08-20,GELSENKIRCHEN,2,2,8,0,26,7
1,2014-08-21,BOCHUM,123,107,492,59,1599,157
1,2014-08-21,DORTMUND,136,124,544,71,1768,194
1,2014-08-22,DORTMUND,2,2,8,2,26,3
1,2014-08-22,NORDKIRCHEN,4,3,16,2,52,5
1,2014-08-25,BOCHUM,4,4,16,2,52,5
1,2014-08-25,DORTMUND,8,8,32,5,104,17
1,2014-08-26,BOCHUM,28,25,112,13,364,41
1,2014-08-26,DORTMUND,48,40,192,23,624,64
1,2014-08-26,GELSENKIRCHEN,14,14,56,8,182,17
1,2014-08-27,GELSENKIRCHEN,8,5,32,4,104,8
1,2014-08-28,BOCHUM,16,13,64,6,208,28
1,2014-08-28,DORTMUND,20,18,80,5,260,42
1,2014-08-28,GELSENKIRCHEN,8,6,32,1,104,8
1,2014-08-29,BOCHUM,14,14,56,5,182,23
1,2014-08-29,DORTMUND,22,21,88,18,286,32
1,2014-08-29,GELSENKIRCHEN,10,10,40,7,130,22
1,2014-09-01,NORDKIRCHEN,4,3,16,1,52,3
1,2014-09-02,NORDKIRCHEN,2,2,8,1,26,3
1,2014-09-03,BOCHUM,12,11,48,5,156,19
1,2014-09-03,DORTMUND,3,2,12,0,39,4
1,2014-09-03,GELSENKIRCHEN,4,4,16,2,52,8
1,2014-09-04,BOCHUM,38,32,152,17,494,49
1,2014-09-04,DORTMUND,50,47,200,29,650,70
1,2014-09-04,GELSENKIRCHEN,18,17,72,14,234,22
1,2014-09-05,BOCHUM,4,3,16,1,52,4
1,2014-09-05,DORTMUND,10,10,40,5,130,18
1,2014-09-08,BOCHUM,30,26,120,13,390,40
1,2014-09-08,DORTMUND,46,43,184,18,598,72
1,2014-09-08,GELSENKIRCHEN,14,13,56,7,182,24
1,2014-09-10,DORTMUND,4,4,16,3,52,4
1,2014-09-11,DORTMUND,8,7,32,2,104,8
1,2014-09-12,BOCHUM,6,4,24,1,78,8
1,2014-09-12,DORTMUND,12,11,48,5,156,16
1,2014-09-15,DORTMUND,6,6,24,3,78,10
1,2014-09-16,BOCHUM,12,11,48,7,156,21
1,2014-09-16,DORTMUND,26,25,104,13,338,36
1,2014-09-16,GELSENKIRCHEN,10,8,40,3,130,11
1,2014-09-17,BOCHUM,10,9,40,3,130,18
1,2014-09-17,DORTMUND,24,20,96,10,312,36
1,2014-09-17,GELSENKIRCHEN,8,6,32,1,104,14
1,2014-09-18,BOCHUM,14,11,56,6,182,20
1,2014-09-18,DORTMUND,30,26,120,13,390,44
1,2014-09-18,GELSENKIRCHEN,6,5,24,4,78,6
1,2014-09-19,NORDKIRCHEN,4,4,16,1,52,7
1,2014-09-22,DORTMUND,6,6,24,3,78,10
1,2014-09-23,BOCHUM,5,3,20,2,65,4
1,2014-09-23,GELSENKIRCHEN,16,13,64,7,208,22
1,2014-09-24,BOCHUM,22,20,88,11,286,31
1,2014-09-24,DORTMUND,34,30,136,14,442,46
1,2014-09-24,GELSENKIRCHEN,12,11,48,7,156,17
1,2014-09-25,BOCHUM,6,5,24,2,78,8
1,2014-09-25,DORTMUND,6,3,24,1,78,5
1,2014-09-25,GELSENKIRCHEN,2,2,8,3,26,2
1,2014-09-26,BOCHUM,38,30,152,14,494,35
1,2014-09-26,DORTMUND,56,51,224,25,728,80
1,2014-09-26,GELSENKIRCHEN,20,18,80,8,260,32
1,2014-09-29,BOCHUM,18,16,72,11,234,19
1,2014-09-29,DORTMUND,38,35,152,24,494,58
1,2014-09-29,GELSENKIRCHEN,10,9,40,6,130,12
1,2014-09-30,BOCHUM,56,51,224,23,728,76
1,2014-09-30,DORTMUND,76,69,304,24,988,118
1,2014-09-30,GELSENKIRCHEN,7,7,28,2,91,13
1,2014-10-01,BOCHUM,8,5,32,2,104,12
1,2014-10-01,DORTMUND,14,12,56,8,182,17
1,2014-10-01,GELSENKIRCHEN,2,2,8,2,26,5
1,2014-10-02,DORTMUND,6,5,24,2,78,3
1,2014-10-02,NORDKIRCHEN,2,1,8,0,26,2
1,2014-10-03,BOCHUM,12,10,48,6,156,13
1,2014-10-03,DORTMUND,26,22,104,13,338,33
1,2014-10-03,GELSENKIRCHEN,6,6,24,2,78,13
1,2014-10-06,BOCHUM,8,6,32,3,104,16
1,2014-10-06,DORTMUND,14,12,56,8,182,20
1,2014-10-08,BOCHUM,34,32,136,19,442,45
1,2014-10-08,DORTMUND,46,43,184,26,598,63
1,2014-10-08,GELSENKIRCHEN,22,20,88,9,286,26
1,2014-10-09,BOCHUM,12,11,48,7,156,17
1,2014-10-09,DORTMUND,20,19,80,7,260,29
1,2014-10-09,GELSENKIRCHEN,8,7,32,4,104,11
1,2014-10-10,DORTMUND,6,4,24,2,78,8
1,2014-10-10,NORDKIRCHEN,2,2,8,1,26,4
1,2014-10-14,BOCHUM,10,9,40,3,130,12
1,2014-10-14,DORTMUND,15,11,60,6,195,20
1,2014-10-14,GELSENKIRCHEN,6,6,24,3,78,11
1,2014-10-15,DORTMUND,6,5,24,2,78,6
1,2014-10-16,BOCHUM,16,13,64,3,208,21
1,2014-10-16,DORTMUND,28,23,112,11,364,37
1,2014-10-16,GELSENKIRCHEN,10,9,40,5,130,20
1,2014-10-17,BOCHUM,14,13,56,6,182,13
1,2014-10-17,DORTMUND,32,30,128,10,416,50
1,2014-10-17,GELSENKIRCHEN,6,6,24,1,78,10
1,2014-10-20,BOCHUM,24,20,96,15,312,34
1,2014-10-20,DORTMUND,24,20,96,11,312,33
1,2014-10-20,GELSENKIRCHEN,10,9,40,3,130,17
1,2014-10-21,BOCHUM,140,121,560,49,1820,221
1,2014-10-21,GELSENKIRCHEN,154,135,616,65,2002,236
1,2014-10-23,BOCHUM,34,27,136,16,442,49
1,2014-10-23,DORTMUND,50,42,200,21,650,54
1,2014-10-23,GELSENKIRCHEN,18,17,72,6,234,30
1,2014-10-24,BOCHUM,18,17,72,5,234,31
1,2014-10-24,DORTMUND,44,41,176,18,572,62
1,2014-10-24,GELSENKIRCHEN,7,6,28,3,91,13
1,2014-10-24,NORDKIRCHEN,4,4,16,0,52,4
1,2014-10-27,DORTMUND,2,2,8,0,26,3
1,2014-10-27,NORDKIRCHEN,2,1,8,1,26,0
1,2014-10-28,BOCHUM,6,6,24,7,78,10
1,2014-10-28,GELSENKIRCHEN,12,11,48,8,156,26
1,2014-10-29,BOCHUM,16,11,64,6,208,19
1,2014-10-29,DORTMUND,38,34,152,15,494,42
1,2014-10-29,GELSENKIRCHEN,10,9,40,6,130,14
1,2014-10-31,BOCHUM,10,8,40,4,130,13
1,2014-10-31,DORTMUND,18,17,72,14,234,27
1,2014-10-31,GELSENKIRCHEN,6,6,24,4,78,10
1,2014-11-04,BOCHUM,34,28,136,14,442,54
1,2014-11-04,DORTMUND,52,46,208,20,676,71
1,2014-11-04,GELSENKIRCHEN,16,15,64,11,208,16
1,2014-11-05,DORTMUND,10,10,40,12,130,10
1,2014-11-05,NORDKIRCHEN,2,2,8,0,26,4
1,2014-11-06,BOCHUM,6,5,24,5,78,10
1,2014-11-06,DORTMUND,12,10,48,3,156,15
1,2014-11-07,BOCHUM,6,6,24,2,78,9
1,2014-11-07,DORTMUND,12,10,48,4,156,14
1,2014-11-10,DORTMUND,4,3,16,1,52,6
1,2014-11-10,NORDKIRCHEN,2,2,8,0,26,2
1,2014-11-12,BOCHUM,6,3,24,2,78,5
1,2014-11-12,DORTMUND,12,11,48,5,156,22
1,2014-11-13,BOCHUM,7,6,28,5,91,11
1,2014-11-13,DORTMUND,18,14,72,7,234,24
1,2014-11-14,BOCHUM,10,8,40,5,130,16
1,2014-11-14,DORTMUND,16,13,64,10,208,20
1,2014-11-14,GELSENKIRCHEN,6,6,24,3,78,14
1,2014-11-17,BOCHUM,12,10,48,5,156,17
1,2014-11-17,DORTMUND,28,27,112,16,364,48
1,2014-11-17,GELSENKIRCHEN,8,8,32,3,104,16
1,2014-11-18,BOCHUM,16,13,64,4,208,15
1,2014-11-18,DORTMUND,26,22,104,15,338,37
1,2014-11-18,GELSENKIRCHEN,8,7,32,3,104,10
1,2014-11-20,BOCHUM,22,21,88,11,286,38
1,2014-11-20,DORTMUND,18,14,72,4,234,29
1,2014-11-20,GELSENKIRCHEN,10,8,40,5,130,12
1,2014-11-21,BOCHUM,136,124,544,61,1768,216
1,2014-11-21,DORTMUND,130,117,520,58,1690,183
1,2014-11-21,GELSENKIRCHEN,95,82,380,40,1235,133
1,2014-11-24,BOCHUM,16,14,64,7,208,21
1,2014-11-24,DORTMUND,40,34,160,20,520,67
1,2014-11-24,GELSENKIRCHEN,10,10,40,2,130,16
1,2014-11-25,BOCHUM,6,5,24,3,78,6
1,2014-11-25,DORTMUND,10,8,40,1,130,16
1,2014-11-26,BOCHUM,34,29,136,13,442,51
1,2014-11-26,DORTMUND,56,48,224,20,728,82
1,2014-11-26,GELSENKIRCHEN,14,12,56,6,182,30
1,2014-11-27,NORDKIRCHEN,2,1,8,2,26,1
1,2014-11-28,BOCHUM,14,14,56,9,182,16
1,2014-11-28,DORTMUND,36,31,144,11,468,48
1,2014-11-28,GELSENKIRCHEN,8,7,32,3,104,9
1,2014-12-01,DORTMUND,7,6,28,4,91,7
1,2014-12-02,DORTMUND,4,4,16,1,52,6
1,2014-12-02,NORDKIRCHEN,2,2,8,0,26,2
1,2014-12-03,BOCHUM,10,10,40,7,130,17
1,2014-12-03,DORTMUND,18,13,72,6,234,23
1,2014-12-03,GELSENKIRCHEN,6,6,24,4,78,7
1,2014-12-04,BOCHUM,24,18,96,8,312,36
1,2014-12-04,DORTMUND,42,40,168,25,546,53
1,2014-12-04,GELSENKIRCHEN,12,9,48,9,156,11
1,2014-12-05,BOCHUM,2,2,8,1,26,2
1,2014-12-05,DORTMUND,8,7,32,4,104,10
1,2014-12-09,BOCHUM,6,6,24,2,78,9
1,2014-12-09,DORTMUND,18,15,72,9,234,28
1,2014-12-09,GELSENKIRCHEN,8,6,32,5,104,10
1,2014-12-10,DORTMUND,2,1,8,0,26,1
1,2014-12-11,DORTMUND,6,6,24,2,78,7
1,2014-12-12,BOCHUM,2,2,8,3,26,2
1,2014-12-12,DORTMUND,10,7,40,2,130,14
1,2014-12-16,BOCHUM,10,9,40,1,130,15
1,2014-12-16,DORTMUND,22,17,88,10,286,28
1,2014-12-16,GELSENKIRCHEN,8,6,32,1,104,6
1,2014-12-17,BOCHUM,12,9,48,2,156,17
1,2014-12-17,DORTMUND,26,22,104,10,338,38
1,2014-12-17,GELSENKIRCHEN,4,3,16,4,52,6
1,2014-12-19,GELSENKIRCHEN,36,30,144,17,468,55
1,2014-12-19,NORDKIRCHEN,2,2,8,0,26,5
1,2014-12-22,DORTMUND,4,3,16,0,52,4
1,2014-12-22,NORDKIRCHEN,4,3,16,2,52,6
1,2014-12-23,BOCHUM,26,21,104,10,338,33
1,2014-12-23,DORTMUND,40,38,160,21,520,60
1,2014-12-23,GELSENKIRCHEN,12,10,48,5,156,9
1,2014-12-24,BOCHUM,16,12,64,10,208,16
1,2014-12-24,DORTMUND,34,27,136,24,442,45
1,2014-12-24,GELSENKIRCHEN,8,8,32,4,104,14
1,2014-12-24,NORDKIRCHEN,6,5,24,1,78,9
1,2014-12-25,BOCHUM,4,4,16,1,52,8
1,2014-12-25,DORTMUND,8,7,32,4,104,11
1,2014-12-29,BOCHUM,16,13,64,7,208,21
1,2014-12-29,DORTMUND,24,23,96,13,312,36
1,2014-12-29,GELSENKIRCHEN,8,8,32,3,104,15
1,2014-12-30,DORTMUND,9,7,36,4,117,11
1,2014-12-31,BOCHUM,8,8,32,4,104,14
1,2014-12-31,DORTMUND,12,8,48,6,156,15
1,2014-12-31,GELSENKIRCHEN,4,4,16,1,52,6
1,2015-01-01,BOCHUM,4,4,16,4,52,5
1,2015-01-01,DORTMUND,10,8,40,4,130,8
1,2015-01-05,DORTMUND,6,5,24,6,78,9
1,2015-01-06,BOCHUM,2,2,8,0,26,3
1,2015-01-06,DORTMUND,10,8,40,5,130,14
1,2015-01-07,BOCHUM,2,2,8,0,26,3
1,2015-01-07,DORTMUND,6,6,24,5,78,11
1,2015-01-08,BOCHUM,26,24,104,15,338,37
1,2015-01-08,DORTMUND,40,36,160,11,520,63
1,2015-01-08,GELSENKIRCHEN,8,8,32,7,104,8
1,2015-01-12,BOCHUM,4,4,16,2,52,6
1,2015-01-12,DORTMUND,8,6,32,4,104,4
1,2015-01-12,NORDKIRCHEN,2,2,8,1,26,5
1,2015-01-13,BOCHUM,8,6,32,4,104,16
1,2015-01-13,DORTMUND,18,17,72,6,234,28
1,2015-01-13,GELSENKIRCHEN,6,5,24,2,78,8
1,2015-01-15,DORTMUND,2,2,8,3,26,1
1,2015-01-16,BOCHUM,10,7,40,5,130,14
1,2015-01-16,DORTMUND,20,20,80,13,260,24
1,2015-01-16,GELSENKIRCHEN,6,5,24,1,78,5
1,2015-01-19,GELSENKIRCHEN,56,47,224,22,728,68
1,2015-01-19,NORDKIRCHEN,4,4,16,3,52,3
1,2015-01-20,BOCHUM,12,12,48,9,156,18
1,2015-01-20,DORTMUND,22,19,88,14,286,25
1,2015-01-21,BOCHUM,148,128,592,60,1924,207
1,2015-01-21,DORTMUND,128,110,512,44,1664,186
1,2015-01-21,GELSENKIRCHEN,78,64,312,34,1014,96
1,2015-01-23,BOCHUM,20,19,80,10,260,26
1,2015-01-23,DORTMUND,34,26,136,10,442,41
1,2015-01-23,GELSENKIRCHEN,12,8,48,3,156,12
1,2015-01-26,BOCHUM,18,15,72,7,234,21
1,2015-01-26,DORTMUND,48,47,192,26,624,77
1,2015-01-26,GELSENKIRCHEN,12,12,48,4,156,16
1,2015-01-27,GELSENKIRCHEN,4,3,16,2,52,4
1,2015-01-28,BOCHUM,10,10,40,2,130,20
1,2015-01-28,DORTMUND,20,18,80,7,260,33
1,2015-01-28,GELSENKIRCHEN,10,10,40,8,130,15
1,2015-01-29,BOCHUM,12,11,48,9,156,13
1,2015-01-29,DORTMUND,26,23,104,10,338,31
1,2015-01-29,GELSENKIRCHEN,8,8,32,1,104,14
1,2015-02-04,BOCHUM,22,18,88,11,286,33
1,2015-02-04,DORTMUND,50,43,200,23,650,68
1,2015-02-04,GELSENKIRCHEN,10,8,40,8,130,11
1,2015-02-05,BOCHUM,4,3,16,0,52,6
1,2015-02-05,DORTMUND,8,8,32,4,104,12
1,2015-02-06,BOCHUM,8,7,32,5,104,7
1,2015-02-06,DORTMUND,12,9,48,4,156,12
1,2015-02-09,BOCHUM,6,6,24,2,78,9
1,2015-02-09,DORTMUND,22,19,88,4,286,28
1,2015-02-09,GELSENKIRCHEN,6,4,24,1,78,6
1,2015-02-10,NORDKIRCHEN,2,2,8,0,26,6
1,2015-02-12,BOCHUM,4,4,16,2,52,8
1,2015-02-12,DORTMUND,10,9,40,5,130,15
1,2015-02-13,BOCHUM,12,10,48,6,156,11
1,2015-02-13,DORTMUND,22,19,88,6,286,35
1,2015-02-13,GELSENKIRCHEN,10,7,40,1,130,10
1,2015-02-16,BOCHUM,10,10,40,3,130,17
1,2015-02-16,DORTMUND,18,17,72,10,234,24
1,2015-02-16,GELSENKIRCHEN,10,10,40,5,130,15
1,2015-02-17,BOCHUM,12,10,48,3,156,11
1,2015-02-17,DORTMUND,26,20,104,12,338,39
1,2015-02-17,GELSENKIRCHEN,10,9,40,4,130,17
1,2015-02-20,BOCHUM,12,11,48,5,156,15
1,2015-02-20,DORTMUND,22,21,88,9,286,33
1,2015-02-20,GELSENKIRCHEN,8,8,32,5,104,10
1,2015-02-23,BOCHUM,22,22,88,17,286,34
1,2015-02-23,DORTMUND,50,45,200,19,650,66
1,2015-02-23,GELSENKIRCHEN,16,15,64,9,208,25
1,2015-02-24,BOCHUM,20,18,80,8,260,31
1,2015-02-24,DORTMUND,46,39,184,16,598,59
1,2015-02-24,GELSENKIRCHEN,10,9,40,5,130,18
1,2015-02-25,BOCHUM,2,1,8,2,26,1
1,2015-02-25,DORTMUND,8,6,32,4,104,5
1,2015-02-26,BOCHUM,18,17,72,10,234,27
1,2015-02-26,DORTMUND,36,31,144,19,468,57
1,2015-02-26,GELSENKIRCHEN,12,11,48,6,156,23
1,2015-02-27,GELSENKIRCHEN,16,14,64,9,208,25
1,2015-02-27,NORDKIRCHEN,4,3,16,2,52,10
1,2015-03-02,NORDKIRCHEN,4,2,16,0,52,3
1,2015-03-03,BOCHUM,14,13,56,6,182,18
1,2015-03-03,DORTMUND,28,23,112,11,364,34
1,2015-03-03,GELSENKIRCHEN,8,8,32,3,104,15
1,2015-03-05,BOCHUM,6,5,24,0,78,12
1,2015-03-05,DORTMUND,12,12,48,6,156,24
1,2015-03-06,BOCHUM,10,10,40,6,130,15
1,2015-03-06,DORTMUND,16,10,64,2,208,15
1,2015-03-06,GELSENKIRCHEN,2,2,8,0,26,4
1,2015-03-09,BOCHUM,12,10,48,6,156,13
1,2015-03-09,DORTMUND,36,31,144,23,468,38
1,2015-03-09,GELSENKIRCHEN,6,6,24,5,78,8
1,2015-03-10,DORTMUND,8,7,32,5,104,11
1,2015-03-10,NORDKIRCHEN,6,5,24,1,78,8
1,2015-03-13,BOCHUM,2,1,8,0,26,4
1,2015-03-13,DORTMUND,30,29,120,16,390,46
1,2015-03-16,BOCHUM,20,19,80,5,260,33
1,2015-03-16,DORTMUND,34,30,136,18,442,39
1,2015-03-16,GELSENKIRCHEN,10,10,40,5,130,14
1,2015-03-17,BOCHUM,14,13,56,7,182,19
1,2015-03-17,DORTMUND,34,27,136,20,442,33
1,2015-03-17,GELSENKIRCHEN,10,10,40,7,130,14
1,2015-03-18,BOCHUM,22,18,88,12,286,22
1,2015-03-18,DORTMUND,32,31,128,14,416,65
1,2015-03-18,GELSENKIRCHEN,10,10,40,5,130,13
1,2015-03-19,DORTMUND,2,2,8,1,26,7
1,2015-03-19,NORDKIRCHEN,6,6,24,5,78,11
1,2015-03-20,BOCHUM,20,18,80,7,260,30
1,2015-03-20,GELSENKIRCHEN,12,12,48,8,156,17
1,2015-03-23,BOCHUM,34,30,136,20,442,40
1,2015-03-23,DORTMUND,58,51,232,34,754,70
1,2015-03-23,GELSENKIRCHEN,26,22,104,8,338,40
1,2015-03-24,BOCHUM,13,12,52,7,169,15
1,2015-03-24,DORTMUND,48,43,192,22,624,58
1,2015-03-24,NORDKIRCHEN,2,1,8,0,26,2
1,2015-03-25,BOCHUM,8,6,32,5,104,9
1,2015-03-25,DORTMUND,14,10,56,2,182,18
1,2015-03-26,BOCHUM,48,42,192,19,624,46
1,2015-03-26,DORTMUND,48,42,192,23,624,65
1,2015-03-26,GELSENKIRCHEN,24,20,96,8,312,35
1,2015-03-27,DORTMUND,4,3,16,1,52,7
1,2015-03-27,NORDKIRCHEN,4,4,16,1,52,8
1,2015-03-30,BOCHUM,74,65,296,28,962,97
1,2015-03-30,DORTMUND,80,74,320,47,1040,124
1,2015-03-30,GELSENKIRCHEN,58,54,232,29,754,78
1,2015-03-31,BOCHUM,12,10,48,5,156,15
1,2015-03-31,DORTMUND,22,19,88,12,286,35
1,2015-03-31,GELSENKIRCHEN,8,6,32,2,104,9
1,2015-04-01,NORDKIRCHEN,2,0,8,0,26,0
1,2015-04-02,DORTMUND,8,7,32,4,104,10
1,2015-04-02,NORDKIRCHEN,4,2,16,0,52,3
1,2015-04-03,BOCHUM,12,12,48,5,156,23
1,2015-04-03,DORTMUND,24,18,96,11,312,26
1,2015-04-03,GELSENKIRCHEN,6,6,24,5,78,13
1,2015-04-06,BOCHUM,8,8,32,3,104,12
1,2015-04-06,DORTMUND,14,14,56,7,182,19
1,2015-04-07,BOCHUM,6,6,24,4,78,11
1,2015-04-07,DORTMUND,14,12,56,7,182,26
1,2015-04-07,GELSENKIRCHEN,2,2,8,1,26,3
1,2015-04-08,BOCHUM,30,24,120,6,390,35
1,2015-04-08,DORTMUND,45,39,180,24,585,55
1,2015-04-08,GELSENKIRCHEN,16,13,64,4,208,25
1,2015-04-09,BOCHUM,10,8,40,2,130,10
1,2015-04-09,DORTMUND,22,19,88,10,286,41
1,2015-04-09,GELSENKIRCHEN,6,6,24,4,78,8
1,2015-04-10,DORTMUND,6,6,24,2,78,18
1,2015-04-14,BOCHUM,12,12,48,7,156,18
1,2015-04-14,DORTMUND,18,16,72,13,234,29
1,2015-04-14,GELSENKIRCHEN,6,6,24,4,78,9
1,2015-04-15,DORTMUND,6,6,24,5,78,9
1,2015-04-16,BOCHUM,16,13,64,7,208,16
1,2015-04-16,DORTMUND,30,28,120,14,390,40
1,2015-04-16,GELSENKIRCHEN,10,9,40,5,130,17
1,2015-04-20,BOCHUM,18,16,72,7,234,23
1,2015-04-20,DORTMUND,26,23,104,13,338,37
1,2015-04-20,GELSENKIRCHEN,8,7,32,4,104,14
1,2015-04-21,BOCHUM,138,122,552,71,1794,194
1,2015-04-21,DORTMUND,132,119,528,61,1716,183
1,2015-04-21,GELSENKIRCHEN,65,60,260,40,845,98
1,2015-04-22,BOCHUM,2,2,8,1,26,3
1,2015-04-22,DORTMUND,8,6,32,2,104,11
1,2015-04-23,BOCHUM,34,28,136,13,442,41
1,2015-04-23,DORTMUND,58,52,232,26,754,90
1,2015-04-23,GELSENKIRCHEN,20,18,80,14,260,27
1,2015-04-24,BOCHUM,22,18,88,15,286,25
1,2015-04-24,DORTMUND,44,38,176,16,572,71
1,2015-04-24,GELSENKIRCHEN,12,11,48,5,156,19
1,2015-04-27,DORTMUND,2,1,8,1,26,2
1,2015-04-28,BOCHUM,22,20,88,11,286,31
1,2015-04-28,DORTMUND,40,37,160,12,520,58
1,2015-04-28,GELSENKIRCHEN,10,10,40,4,130,12
1,2015-04-29,BOCHUM,18,17,72,8,234,23
1,2015-04-29,DORTMUND,34,34,136,17,442,58
1,2015-04-29,GELSENKIRCHEN,12,11,48,10,156,15
1,2015-04-30,BOCHUM,64,58,256,29,832,94
1,2015-04-30,DORTMUND,78,71,312,45,1014,109
1,2015-04-30,GELSENKIRCHEN,44,41,176,23,572,68
1,2015-05-01,BOCHUM,4,3,16,1,52,3
1,2015-05-01,DORTMUND,5,5,20,3,65,5
1,2015-05-01,GELSENKIRCHEN,2,1,8,0,26,1
1,2015-05-04,BOCHUM,26,24,104,12,338,36
1,2015-05-04,DORTMUND,44,40,176,22,572,67
1,2015-05-04,GELSENKIRCHEN,12,12,48,4,156,30
1,2015-05-05,BOCHUM,4,3,16,2,52,5
1,2015-05-05,DORTMUND,8,7,32,2,104,13
1,2015-05-06,BOCHUM,8,7,32,5,104,15
1,2015-05-06,DORTMUND,12,11,48,5,156,19
1,2015-05-07,BOCHUM,2,1,8,0,26,1
1,2015-05-07,DORTMUND,12,11,48,5,156,22
1,2015-05-11,DORTMUND,6,5,24,3,78,5
1,2015-05-12,BOCHUM,4,4,16,2,52,10
1,2015-05-12,DORTMUND,10,9,40,3,130,12
1,2015-05-13,DORTMUND,14,14,56,6,182,22
1,2015-05-15,DORTMUND,4,4,16,4,52,4
1,2015-05-20,BOCHUM,12,9,48,6,156,10
1,2015-05-20,DORTMUND,32,30,128,13,416,52
1,2015-05-20,GELSENKIRCHEN,10,10,40,6,130,14
1,2015-05-21,BOCHUM,138,118,552,74,1794,192
1,2015-05-21,DORTMUND,130,117,520,60,1690,188
1,2015-05-21,GELSENKIRCHEN,112,96,448,53,1456,162
1,2015-05-22,DORTMUND,4,3,16,1,52,2
1,2015-05-22,NORDKIRCHEN,4,4,16,1,52,7
1,2015-05-25,BOCHUM,4,3,16,2,52,8
1,2015-05-25,DORTMUND,10,9,40,7,130,22
1,2015-05-28,BOCHUM,20,18,80,7,260,35
1,2015-05-28,DORTMUND,34,29,136,13,442,41
1,2015-05-28,GELSENKIRCHEN,8,8,32,3,104,14
1,2015-05-29,BOCHUM,16,14,64,4,208,26
1,2015-05-29,DORTMUND,34,29,136,20,442,39
1,2015-05-29,GELSENKIRCHEN,10,7,40,2,130,11
1,2015-06-01,BOCHUM,10,10,40,8,130,14
1,2015-06-01,DORTMUND,16,11,64,3,208,20
1,2015-06-01,GELSENKIRCHEN,2,1,8,0,26,0
1,2015-06-01,NORDKIRCHEN,2,2,8,2,26,3
1,2015-06-02,DORTMUND,8,7,32,6,104,16
1,2015-06-02,NORDKIRCHEN,4,4,16,4,52,6
1,2015-06-03,DORTMUND,11,11,44,7,143,15
1,2015-06-04,BOCHUM,40,38,160,17,520,65
1,2015-06-04,DORTMUND,54,51,216,20,702,81
1,2015-06-04,GELSENKIRCHEN,24,17,96,13,312,25
1,2015-06-05,BOCHUM,6,5,24,4,78,10
1,2015-06-05,DORTMUND,12,9,48,5,156,19
1,2015-06-05,GELSENKIRCHEN,2,2,8,1,26,3
1,2015-06-08,DORTMUND,5,5,20,0,65,9
1,2015-06-09,BOCHUM,12,7,48,5,156,13
1,2015-06-09,DORTMUND,28,23,112,8,364,40
1,2015-06-09,GELSENKIRCHEN,4,4,16,5,52,8
1,2015-06-10,DORTMUND,8,8,32,5,104,14
1,2015-06-11,BOCHUM,4,3,16,0,52,7
1,2015-06-11,DORTMUND,10,10,40,2,130,16
1,2015-06-12,BOCHUM,8,8,32,5,104,12
1,2015-06-12,GELSENKIRCHEN,2,2,8,1,26,1
1,2015-06-15,BOCHUM,2,2,8,0,26,3
1,2015-06-15,DORTMUND,8,5,32,2,104,4
1,2015-06-16,BOCHUM,18,16,72,9,234,28
1,2015-06-16,DORTMUND,34,28,136,13,442,46
1,2015-06-16,GELSENKIRCHEN,8,7,32,3,104,12
1,2015-06-17,BOCHUM,16,14,64,7,208,28
1,2015-06-17,DORTMUND,32,25,128,14,416,34
1,2015-06-17,GELSENKIRCHEN,10,10,40,5,130,18
1,2015-06-18,DORTMUND,38,34,152,29,494,58
1,2015-06-19,DORTMUND,2,1,8,0,26,1
1,2015-06-19,NORDKIRCHEN,4,4,16,0,52,8
1,2015-06-22,BOCHUM,2,2,8,0,26,2
1,2015-06-22,NORDKIRCHEN,4,3,16,1,52,4
1,2015-06-23,BOCHUM,34,32,136,10,442,55
1,2015-06-23,DORTMUND,60,55,240,36,780,79
1,2015-06-23,GELSENKIRCHEN,24,21,96,6,312,28
1,2015-06-24,BOCHUM,28,23,112,10,364,36
1,2015-06-24,DORTMUND,40,35,160,19,520,62
1,2015-06-24,GELSENKIRCHEN,12,11,48,3,156,21
1,2015-06-26,BOCHUM,46,42,184,24,598,68
1,2015-06-26,DORTMUND,58,49,232,29,754,79
1,2015-06-26,GELSENKIRCHEN,20,17,80,13,260,20
1,2015-06-29,BOCHUM,18,17,72,6,234,26
1,2015-06-29,DORTMUND,46,39,184,21,598,52
1,2015-06-29,GELSENKIRCHEN,10,9,40,7,130,10
1,2015-06-30,DORTMUND,82,76,328,35,1066,122
1,2015-07-01,BOCHUM,8,7,32,0,104,11
1,2015-07-01,DORTMUND,14,13,56,12,182,16
1,2015-07-01,GELSENKIRCHEN,2,2,8,1,26,2
1,2015-07-02,DORTMUND,6,4,24,1,78,5
1,2015-07-06,BOCHUM,8,7,32,3,104,13
1,2015-07-06,DORTMUND,14,14,56,7,182,25
1,2015-07-07,BOCHUM,8,8,32,1,104,14
1,2015-07-07,DORTMUND,14,13,56,8,182,20
1,2015-07-07,GELSENKIRCHEN,2,2,8,1,26,2
1,2015-07-08,BOCHUM,34,30,136,15,442,55
1,2015-07-08,DORTMUND,48,44,192,27,624,68
1,2015-07-08,GELSENKIRCHEN,20,20,80,16,260,34
1,2015-07-10,DORTMUND,6,6,24,1,78,10
1,2015-07-10,NORDKIRCHEN,4,3,16,1,52,3
1,2015-07-13,BOCHUM,12,9,48,9,156,19
1,2015-07-13,DORTMUND,28,21,112,11,364,35
1,2015-07-13,GELSENKIRCHEN,8,7,32,2,104,9
1,2015-07-14,BOCHUM,10,10,40,6,130,14
1,2015-07-14,DORTMUND,16,13,64,7,208,20
1,2015-07-14,GELSENKIRCHEN,8,7,32,4,104,20
1,2015-07-15,DORTMUND,6,4,24,0,78,10
1,2015-07-16,BOCHUM,14,11,56,5,182,19
1,2015-07-16,DORTMUND,30,26,120,13,390,55
1,2015-07-16,GELSENKIRCHEN,8,6,32,4,104,5
1,2015-07-20,BOCHUM,22,21,88,9,286,38
1,2015-07-20,DORTMUND,34,30,136,15,442,49
1,2015-07-20,GELSENKIRCHEN,4,4,16,2,52,6
1,2015-07-21,BOCHUM,136,120,544,54,1768,232
1,2015-07-21,DORTMUND,132,111,528,60,1716,190
1,2015-07-21,GELSENKIRCHEN,130,118,520,59,1690,198
1,2015-07-22,DORTMUND,6,5,24,3,78,14
1,2015-07-23,BOCHUM,34,29,136,18,442,39
1,2015-07-23,DORTMUND,52,47,208,29,676,73
1,2015-07-23,GELSENKIRCHEN,18,16,72,8,234,34
1,2015-07-24,BOCHUM,22,18,88,10,286,31
1,2015-07-24,DORTMUND,44,41,176,21,572,66
1,2015-07-24,GELSENKIRCHEN,16,15,64,8,208,23
1,2015-07-27,DORTMUND,2,2,8,2,26,3
1,2015-07-28,BOCHUM,22,17,88,8,286,32
1,2015-07-28,DORTMUND,46,42,184,26,598,79
1,2015-07-28,GELSENKIRCHEN,12,10,48,0,156,16
1,2015-07-29,BOCHUM,14,12,56,8,182,23
1,2015-07-29,DORTMUND,38,37,152,11,494,71
1,2015-07-29,GELSENKIRCHEN,14,12,56,7,182,19
1,2015-07-30,BOCHUM,62,51,248,30,806,75
1,2015-07-30,DORTMUND,74,62,296,31,962,102
1,2015-07-30,GELSENKIRCHEN,29,27,116,15,377,40
1,2015-07-31,BOCHUM,10,10,40,4,130,15
1,2015-07-31,DORTMUND,18,13,72,7,234,21
1,2015-07-31,GELSENKIRCHEN,6,5,24,3,78,10
1,2015-08-03,BOCHUM,8,6,32,3,104,12
1,2015-08-03,DORTMUND,16,13,64,6,208,23
1,2015-08-03,GELSENKIRCHEN,4,3,16,1,52,5
1,2015-08-05,DORTMUND,6,6,24,2,78,12
1,2015-08-06,BOCHUM,2,1,8,1,26,0
1,2015-08-06,DORTMUND,10,10,40,4,130,17
1,2015-08-07,BOCHUM,2,2,8,2,26,6
1,2015-08-07,DORTMUND,8,8,32,3,104,14
1,2015-08-11,DORTMUND,6,5,24,5,78,8
1,2015-08-12,BOCHUM,4,4,16,0,52,9
1,2015-08-12,DORTMUND,8,7,32,6,104,7
1,2015-08-13,BOCHUM,10,9,40,7,130,11
1,2015-08-13,DORTMUND,18,11,72,6,234,19
1,2015-08-13,GELSENKIRCHEN,6,6,24,4,78,6
1,2015-08-14,BOCHUM,6,6,24,1,78,9
1,2015-08-14,DORTMUND,12,10,48,6,156,18
1,2015-08-17,BOCHUM,12,7,48,4,156,13
1,2015-08-17,DORTMUND,22,21,88,9,286,47
1,2015-08-17,GELSENKIRCHEN,4,4,16,3,52,8
1,2015-08-18,BOCHUM,12,12,48,3,156,20
1,2015-08-18,DORTMUND,18,17,72,2,234,33
1,2015-08-18,GELSENKIRCHEN,6,6,24,2,78,11
1,2015-08-19,NORDKIRCHEN,2,2,8,1,26,4
1,2015-08-21,DORTMUND,125,114,500,58,1625,177
1,2015-08-21,GELSENKIRCHEN,23,16,92,9,299,26
1,2015-08-24,BOCHUM,12,12,48,5,156,12
1,2015-08-24,DORTMUND,26,24,104,9,338,44
1,2015-08-24,GELSENKIRCHEN,10,10,40,4,130,17
1,2015-08-26,BOCHUM,28,27,112,15,364,44
1,2015-08-26,DORTMUND,46,38,184,16,598,63
1,2015-08-26,GELSENKIRCHEN,8,7,32,3,104,14
1,2015-08-27,GELSENKIRCHEN,12,11,48,6,156,12
1,2015-08-28,BOCHUM,14,13,56,8,182,24
1,2015-08-28,DORTMUND,28,27,112,13,364,43
1,2015-08-28,GELSENKIRCHEN,8,8,32,3,104,11
1,2015-08-31,BOCHUM,8,7,32,3,104,12
1,2015-08-31,DORTMUND,14,12,56,4,182,17
1,2015-08-31,GELSENKIRCHEN,4,4,16,0,52,5
1,2015-09-01,NORDKIRCHEN,4,3,16,2,52,5
1,2015-09-02,NORDKIRCHEN,2,2,8,2,26,3
1,2015-09-04,BOCHUM,38,32,152,13,494,39
1,2015-09-04,DORTMUND,50,46,200,24,650,78
1,2015-09-04,GELSENKIRCHEN,18,16,72,10,234,26
1,2015-09-07,BOCHUM,8,7,32,4,104,12
1,2015-09-07,DORTMUND,12,10,48,8,156,20
1,2015-09-07,GELSENKIRCHEN,2,2,8,1,26,6
1,2015-09-09,BOCHUM,12,11,48,7,156,21
1,2015-09-09,DORTMUND,22,20,88,9,286,33
1,2015-09-09,GELSENKIRCHEN,6,5,24,2,78,8
1,2015-09-10,NORDKIRCHEN,4,3,16,3,52,1
1,2015-09-11,BOCHUM,2,2,8,0,26,2
1,2015-09-11,DORTMUND,8,8,32,5,104,16
1,2015-09-15,DORTMUND,6,5,24,2,78,8
1,2015-09-17,BOCHUM,12,9,48,6,156,12
1,2015-09-17,DORTMUND,26,23,104,10,338,43
1,2015-09-17,GELSENKIRCHEN,8,7,32,7,104,15
1,2015-09-18,BOCHUM,14,13,56,3,182,20
1,2015-09-18,DORTMUND,32,29,128,11,416,54
1,2015-09-18,GELSENKIRCHEN,6,6,24,3,78,8
1,2015-09-21,BOCHUM,136,122,544,75,1768,207
1,2015-09-21,DORTMUND,136,123,544,62,1768,194
1,2015-09-21,GELSENKIRCHEN,78,69,312,36,1014,107
1,2015-09-22,DORTMUND,6,5,24,2,78,8
1,2015-09-22,NORDKIRCHEN,4,4,16,4,52,7
1,2015-09-23,DORTMUND,7,6,28,5,91,10
1,2015-09-24,BOCHUM,22,20,88,10,286,38
1,2015-09-24,DORTMUND,36,33,144,17,468,50
1,2015-09-24,GELSENKIRCHEN,12,9,48,4,156,10
1,2015-09-28,BOCHUM,18,16,72,7,234,23
1,2015-09-28,DORTMUND,34,32,136,24,442,63
1,2015-09-28,GELSENKIRCHEN,12,11,48,10,156,16
1,2015-09-29,BOCHUM,14,11,56,7,182,15
1,2015-09-29,DORTMUND,38,33,152,12,494,47
1,2015-09-29,GELSENKIRCHEN,10,9,40,6,130,15
1,2015-09-30,BOCHUM,56,48,224,31,728,81
1,2015-09-30,DORTMUND,76,67,304,42,988,107
1,2015-09-30,GELSENKIRCHEN,34,31,136,21,442,60
1,2015-10-02,DORTMUND,6,6,24,5,78,7
1,2015-10-02,NORDKIRCHEN,2,2,8,0,26,2
1,2015-10-07,BOCHUM,8,7,32,2,104,16
1,2015-10-07,DORTMUND,12,10,48,4,156,12
1,2015-10-07,GELSENKIRCHEN,2,2,8,0,26,3
1,2015-10-08,BOCHUM,34,31,136,21,442,60
1,2015-10-08,DORTMUND,48,39,192,19,624,79
1,2015-10-08,GELSENKIRCHEN,18,16,72,6,234,28
1,2015-10-09,BOCHUM,12,10,48,5,156,17
1,2015-10-09,DORTMUND,18,15,72,9,234,21
1,2015-10-09,GELSENKIRCHEN,6,5,24,5,78,9
1,2015-10-12,BOCHUM,6,5,24,4,78,6
1,2015-10-12,DORTMUND,12,12,48,6,156,31
1,2015-10-12,NORDKIRCHEN,2,2,8,1,26,3
1,2015-10-14,BOCHUM,10,10,40,2,130,17
1,2015-10-14,DORTMUND,16,15,64,13,208,21
1,2015-10-14,GELSENKIRCHEN,6,6,24,7,78,11
1,2015-10-15,DORTMUND,6,4,24,4,78,5
1,2015-10-16,BOCHUM,16,12,64,4,208,19
1,2015-10-16,DORTMUND,30,27,120,12,390,46
1,2015-10-16,GELSENKIRCHEN,8,7,32,5,104,8
1,2015-10-19,NORDKIRCHEN,6,6,24,4,78,10
1,2015-10-20,BOCHUM,20,17,80,11,260,25
1,2015-10-20,DORTMUND,32,29,128,19,416,47
1,2015-10-20,GELSENKIRCHEN,4,3,16,4,52,3
1,2015-10-21,BOCHUM,27,25,108,12,351,43
1,2015-10-21,DORTMUND,136,119,544,61,1768,203
1,2015-10-22,DORTMUND,6,6,24,4,78,8
1,2015-10-23,BOCHUM,24,22,96,17,312,33
1,2015-10-23,DORTMUND,52,49,208,30,676,75
1,2015-10-23,GELSENKIRCHEN,14,13,56,4,182,23
1,2015-10-26,BOCHUM,38,35,152,16,494,55
1,2015-10-26,DORTMUND,46,42,184,19,598,63
1,2015-10-26,GELSENKIRCHEN,22,19,88,12,286,35
1,2015-10-27,NORDKIRCHEN,2,2,8,1,26,2
1,2015-10-28,BOCHUM,16,13,64,7,208,23
1,2015-10-28,DORTMUND,40,35,160,16,520,61
1,2015-10-28,GELSENKIRCHEN,10,9,40,3,130,14
1,2015-10-29,BOCHUM,14,11,56,11,182,15
1,2015-10-29,DORTMUND,40,33,160,10,520,48
1,2015-10-29,GELSENKIRCHEN,14,12,56,9,182,22
1,2015-10-30,BOCHUM,65,54,260,33,845,88
1,2015-10-30,GELSENKIRCHEN,34,31,136,12,442,50
1,2015-11-02,DORTMUND,6,5,24,2,78,7
1,2015-11-02,NORDKIRCHEN,2,2,8,0,26,4
1,2015-11-03,BOCHUM,12,11,48,7,156,15
1,2015-11-03,DORTMUND,20,17,80,6,260,33
1,2015-11-03,GELSENKIRCHEN,4,4,16,2,52,2
1,2015-11-04,BOCHUM,38,34,152,25,494,48
1,2015-11-04,DORTMUND,50,45,200,17,650,82
1,2015-11-04,GELSENKIRCHEN,18,13,72,3,234,16
1,2015-11-05,BOCHUM,4,3,16,2,52,5
1,2015-11-05,DORTMUND,10,8,40,6,130,7
1,2015-11-06,BOCHUM,8,8,32,4,104,14
1,2015-11-06,DORTMUND,14,14,56,11,182,22
1,2015-11-06,GELSENKIRCHEN,2,2,8,0,26,5
1,2015-11-10,DORTMUND,6,5,24,1,78,9
1,2015-11-11,BOCHUM,2,2,8,1,26,2
1,2015-11-11,DORTMUND,8,8,32,2,104,14
1,2015-11-12,BOCHUM,6,6,24,1,78,9
1,2015-11-12,DORTMUND,12,9,48,5,156,18
1,2015-11-13,BOCHUM,16,14,64,6,208,24
1,2015-11-13,DORTMUND,22,19,88,15,286,27
1,2015-11-13,GELSENKIRCHEN,10,8,40,6,130,12
1,2015-11-16,BOCHUM,14,12,56,5,182,25
1,2015-11-16,DORTMUND,26,23,104,10,338,45
1,2015-11-16,GELSENKIRCHEN,10,9,40,5,130,17
1,2015-11-17,BOCHUM,12,12,48,4,156,16
1,2015-11-17,DORTMUND,24,19,96,16,312,36
1,2015-11-17,GELSENKIRCHEN,8,7,32,8,104,5
1,2015-11-18,BOCHUM,14,14,56,6,182,20
1,2015-11-18,DORTMUND,32,23,128,14,416,40
1,2015-11-18,GELSENKIRCHEN,6,6,24,5,78,8
1,2015-11-19,NORDKIRCHEN,4,4,16,4,52,4
1,2015-11-20,BOCHUM,14,13,56,9,182,20
1,2015-11-20,DORTMUND,30,27,120,13,390,41
1,2015-11-20,GELSENKIRCHEN,2,2,8,1,26,3
1,2015-11-23,BOCHUM,34,31,136,18,442,48
1,2015-11-23,GELSENKIRCHEN,16,14,64,9,208,24
1,2015-11-24,BOCHUM,22,21,88,10,286,27
1,2015-11-24,DORTMUND,36,31,144,15,468,49
1,2015-11-24,GELSENKIRCHEN,12,11,48,4,156,17
1,2015-11-25,BOCHUM,6,4,24,3,78,3
1,2015-11-25,DORTMUND,12,11,48,7,156,22
1,2015-11-25,GELSENKIRCHEN,2,2,8,3,26,5
1,2015-11-26,BOCHUM,34,30,136,20,442,36
1,2015-11-26,DORTMUND,54,46,216,19,702,61
1,2015-11-27,DORTMUND,2,1,8,1,26,2
1,2015-11-30,BOCHUM,56,49,224,31,728,80
1,2015-11-30,DORTMUND,76,65,304,35,988,120
1,2015-11-30,GELSENKIRCHEN,34,31,136,16,442,50
1,2015-12-01,BOCHUM,4,3,16,1,52,7
1,2015-12-01,DORTMUND,12,7,48,1,156,8
1,2015-12-02,DORTMUND,4,3,16,2,52,4
1,2015-12-03,BOCHUM,10,10,40,7,130,15
1,2015-12-03,DORTMUND,20,16,80,7,260,29
1,2015-12-03,GELSENKIRCHEN,8,6,32,3,104,14
1,2015-12-07,BOCHUM,4,4,16,1,52,5
1,2015-12-07,DORTMUND,10,9,40,5,130,14
1,2015-12-08,BOCHUM,22,22,88,9,286,37
1,2015-12-08,DORTMUND,44,39,176,28,572,66
1,2015-12-08,GELSENKIRCHEN,8,8,32,4,104,15
1,2015-12-09,BOCHUM,8,8,32,8,104,10
1,2015-12-09,DORTMUND,18,16,72,10,234,23
1,2015-12-09,GELSENKIRCHEN,8,7,32,4,104,10
1,2015-12-10,DORTMUND,2,2,8,0,26,8
1,2015-12-10,NORDKIRCHEN,4,4,16,2,52,8
1,2015-12-11,DORTMUND,6,4,24,1,78,5
1,2015-12-14,BOCHUM,10,8,40,5,130,14
1,2015-12-14,DORTMUND,14,12,56,7,182,19
1,2015-12-14,GELSENKIRCHEN,4,3,16,3,52,6
1,2015-12-15,DORTMUND,4,2,16,1,52,3
1,2015-12-16,BOCHUM,14,9,56,5,182,9
1,2015-12-16,DORTMUND,20,19,80,11,260,32
1,2015-12-16,GELSENKIRCHEN,8,8,32,4,104,12
1,2015-12-17,DORTMUND,25,22,100,11,325,42
1,2015-12-21,BOCHUM,20,17,80,10,260,21
1,2015-12-21,DORTMUND,4,3,16,0,52,5
1,2015-12-21,GELSENKIRCHEN,122,109,488,48,1586,181
1,2015-12-22,NORDKIRCHEN,4,4,16,2,52,3
1,2015-12-23,BOCHUM,20,16,80,9,260,23
1,2015-12-23,DORTMUND,50,46,200,27,650,63
1,2015-12-23,GELSENKIRCHEN,14,11,56,7,182,13
1,2015-12-24,NORDKIRCHEN,4,4,16,4,52,4
1,2015-12-25,BOCHUM,4,3,16,4,52,2
1,2015-12-25,DORTMUND,10,9,40,5,130,14
1,2015-12-28,BOCHUM,12,12,48,8,156,17
1,2015-12-28,GELSENKIRCHEN,10,10,40,6,130,17
1,2015-12-29,BOCHUM,16,15,64,6,208,24
1,2015-12-29,DORTMUND,28,27,112,19,364,44
1,2015-12-29,GELSENKIRCHEN,12,11,48,7,156,21
1,2015-12-30,DORTMUND,45,39,180,17,585,63
1,2015-12-31,BOCHUM,8,8,32,3,104,12
1,2015-12-31,DORTMUND,14,13,56,6,182,19
1,2015-12-31,GELSENKIRCHEN,6,5,24,3,78,11
1,2016-01-01,BOCHUM,6,5,24,1,78,12
1,2016-01-01,DORTMUND,12,11,48,7,156,20
1,2016-01-04,BOCHUM,30,27,120,15,390,40
1,2016-01-04,DORTMUND,42,36,168,20,546,63
1,2016-01-04,GELSENKIRCHEN,10,9,40,6,130,17
1,2016-01-07,BOCHUM,2,2,8,1,26,4
1,2016-01-07,DORTMUND,10,9,40,7,130,11
1,2016-01-08,BOCHUM,22,17,88,9,286,32
1,2016-01-08,DORTMUND,46,42,184,32,598,71
1,2016-01-08,GELSENKIRCHEN,8,7,32,4,104,14
1,2016-01-12,BOCHUM,6,5,24,3,78,9
1,2016-01-12,DORTMUND,10,9,40,3,130,17
1,2016-01-13,BOCHUM,10,10,40,4,130,13
1,2016-01-13,DORTMUND,24,22,96,16,312,36
1,2016-01-13,GELSENKIRCHEN,6,6,24,5,78,8
1,2016-01-14,BOCHUM,10,9,40,7,130,10
1,2016-01-14,DORTMUND,14,12,56,5,182,26
1,2016-01-14,GELSENKIRCHEN,4,4,16,4,52,4
1,2016-01-18,BOCHUM,12,10,48,7,156,22
1,2016-01-18,DORTMUND,22,20,88,8,286,27
1,2016-01-18,GELSENKIRCHEN,6,6,24,2,78,8
1,2016-01-19,GELSENKIRCHEN,36,32,144,21,468,50
1,2016-01-20,BOCHUM,14,11,56,3,182,15
1,2016-01-20,DORTMUND,30,27,120,15,390,43
1,2016-01-20,GELSENKIRCHEN,2,2,8,2,26,2
1,2016-01-21,BOCHUM,152,137,608,76,1976,231
1,2016-01-21,DORTMUND,132,119,528,58,1716,185
1,2016-01-21,GELSENKIRCHEN,75,68,300,46,975,133
1,2016-01-22,DORTMUND,4,4,16,2,52,8
1,2016-01-25,BOCHUM,2,1,8,1,26,1
1,2016-01-25,DORTMUND,10,10,40,8,130,16
1,2016-01-26,BOCHUM,30,27,120,14,390,42
1,2016-01-26,DORTMUND,44,39,176,20,572,72
1,2016-01-26,GELSENKIRCHEN,14,12,56,4,182,22
1,2016-01-29,BOCHUM,14,13,56,8,182,24
1,2016-01-29,DORTMUND,30,27,120,14,390,49
1,2016-01-29,GELSENKIRCHEN,12,11,48,9,156,15
1,2016-02-01,BOCHUM,4,4,16,2,52,5
1,2016-02-01,DORTMUND,10,9,40,4,130,19
1,2016-02-01,GELSENKIRCHEN,2,1,8,1,26,0
1,2016-02-02,DORTMUND,6,6,24,5,78,12
1,2016-02-04,BOCHUM,24,23,96,14,312,31
1,2016-02-04,DORTMUND,50,43,200,22,650,69
1,2016-02-04,GELSENKIRCHEN,14,13,56,4,182,28
1,2016-02-08,BOCHUM,32,28,128,12,416,48
1,2016-02-08,DORTMUND,48,37,192,18,624,50
1,2016-02-08,GELSENKIRCHEN,14,14,56,3,182,22
1,2016-02-10,NORDKIRCHEN,2,2,8,2,26,2
1,2016-02-15,DORTMUND,2,2,8,1,26,3
1,2016-02-16,BOCHUM,16,14,64,5,208,29
1,2016-02-16,DORTMUND,20,18,80,7,260,31
1,2016-02-16,GELSENKIRCHEN,8,8,32,6,104,10
1,2016-02-17,BOCHUM,12,10,48,6,156,14
1,2016-02-17,DORTMUND,28,28,112,18,364,53
1,2016-02-17,GELSENKIRCHEN,6,5,24,1,78,8
1,2016-02-18,BOCHUM,12,12,48,4,156,24
1,2016-02-18,DORTMUND,24,21,96,12,312,27
1,2016-02-19,GELSENKIRCHEN,64,55,256,36,832,98
1,2016-02-19,NORDKIRCHEN,2,2,8,1,26,8
1,2016-02-22,DORTMUND,4,3,16,2,52,6
1,2016-02-24,BOCHUM,16,14,64,6,208,25
1,2016-02-24,DORTMUND,42,37,168,19,546,55
1,2016-02-24,GELSENKIRCHEN,14,8,56,6,182,15
1,2016-02-25,BOCHUM,4,4,16,4,52,6
1,2016-02-25,DORTMUND,10,7,40,4,130,10
1,2016-02-25,GELSENKIRCHEN,2,1,8,0,26,2
1,2016-02-26,NORDKIRCHEN,6,6,24,3,78,8
1,2016-02-29,BOCHUM,16,15,64,11,208,29
1,2016-02-29,DORTMUND,44,35,176,14,572,58
1,2016-02-29,GELSENKIRCHEN,14,14,56,11,182,29
1,2016-03-01,BOCHUM,8,8,32,4,104,10
1,2016-03-01,DORTMUND,14,10,56,3,182,15
1,2016-03-01,GELSENKIRCHEN,2,2,8,1,26,3
1,2016-03-02,BOCHUM,2,1,8,1,26,2
1,2016-03-02,DORTMUND,8,6,32,2,104,5
1,2016-03-02,NORDKIRCHEN,4,3,16,3,52,2
1,2016-03-03,BOCHUM,12,10,48,6,156,13
1,2016-03-03,DORTMUND,30,26,120,14,390,36
1,2016-03-03,GELSENKIRCHEN,8,7,32,3,104,10
1,2016-03-04,BOCHUM,38,33,152,17,494,50
1,2016-03-04,DORTMUND,52,49,208,39,676,83
1,2016-03-04,GELSENKIRCHEN,20,19,80,12,260,27
1,2016-03-08,BOCHUM,28,22,112,10,364,36
1,2016-03-08,DORTMUND,46,43,184,20,598,67
1,2016-03-08,GELSENKIRCHEN,16,16,64,9,208,27
1,2016-03-09,BOCHUM,16,13,64,12,208,16
1,2016-03-09,DORTMUND,26,23,104,13,338,37
1,2016-03-09,GELSENKIRCHEN,6,4,24,2,78,6
1,2016-03-10,DORTMUND,6,6,24,6,78,6
1,2016-03-10,NORDKIRCHEN,4,4,16,3,52,4
1,2016-03-14,BOCHUM,12,11,48,7,156,19
1,2016-03-14,DORTMUND,22,20,88,12,286,26
1,2016-03-14,GELSENKIRCHEN,6,6,24,4,78,5
1,2016-03-15,DORTMUND,6,5,24,4,78,6
1,2016-03-16,BOCHUM,20,18,80,7,260,33
1,2016-03-16,DORTMUND,30,25,120,17,390,39
1,2016-03-16,GELSENKIRCHEN,10,10,40,5,130,23
1,2016-03-17,GELSENKIRCHEN,9,8,36,4,117,13
1,2016-03-18,BOCHUM,18,18,72,4,234,25
1,2016-03-18,DORTMUND,30,25,120,13,390,38
1,2016-03-18,GELSENKIRCHEN,10,8,40,2,130,14
1,2016-03-21,BOCHUM,40,36,160,19,520,60
1,2016-03-21,DORTMUND,134,113,536,70,1742,179
1,2016-03-22,BOCHUM,2,1,8,2,26,0
1,2016-03-22,DORTMUND,8,8,32,6,104,13
1,2016-03-23,BOCHUM,26,22,104,15,338,42
1,2016-03-23,DORTMUND,10,9,40,4,130,14
1,2016-03-23,GELSENKIRCHEN,14,13,56,7,182,19
1,2016-03-24,BOCHUM,24,23,96,7,312,41
1,2016-03-24,DORTMUND,50,46,200,22,650,80
1,2016-03-24,GELSENKIRCHEN,14,12,56,7,182,17
1,2016-03-28,BOCHUM,26,23,104,16,338,39
1,2016-03-28,DORTMUND,50,44,200,28,650,71
1,2016-03-28,GELSENKIRCHEN,10,10,40,10,130,11
1,2016-03-30,BOCHUM,66,58,264,29,858,101
1,2016-03-30,DORTMUND,72,65,288,37,936,104
1,2016-03-30,GELSENKIRCHEN,46,42,184,27,598,69
1,2016-03-31,BOCHUM,10,9,40,3,130,13
1,2016-03-31,DORTMUND,18,16,72,10,234,21
1,2016-03-31,GELSENKIRCHEN,6,5,24,3,78,7
1,2016-04-01,BOCHUM,6,5,24,2,78,11
1,2016-04-01,DORTMUND,14,12,56,7,182,21
1,2016-04-01,GELSENKIRCHEN,2,2,8,0,26,3
1,2016-04-01,NORDKIRCHEN,2,2,8,2,26,5
1,2016-04-04,BOCHUM,34,28,136,17,442,47
1,2016-04-04,DORTMUND,54,48,216,26,702,77
1,2016-04-04,GELSENKIRCHEN,18,16,72,10,234,24
1,2016-04-05,BOCHUM,6,6,24,5,78,15
1,2016-04-05,DORTMUND,12,11,48,2,156,20
1,2016-04-06,BOCHUM,10,10,40,3,130,19
1,2016-04-06,DORTMUND,16,13,64,5,208,25
1,2016-04-06,GELSENKIRCHEN,2,2,8,0,26,4
1,2016-04-08,BOCHUM,36,32,144,18,468,52
1,2016-04-08,DORTMUND,48,45,192,28,624,70
1,2016-04-08,GELSENKIRCHEN,18,16,72,10,234,20
1,2016-04-11,BOCHUM,4,2,16,0,52,5
1,2016-04-11,DORTMUND,10,8,40,7,130,8
1,2016-04-13,BOCHUM,14,11,56,6,182,19
1,2016-04-13,DORTMUND,24,23,96,15,312,40
1,2016-04-13,GELSENKIRCHEN,8,6,32,7,104,11
1,2016-04-15,DORTMUND,8,8,32,4,104,11
1,2016-04-18,BOCHUM,22,20,88,15,286,34
1,2016-04-18,DORTMUND,30,27,120,10,390,45
1,2016-04-18,GELSENKIRCHEN,10,9,40,6,130,25
1,2016-04-19,NORDKIRCHEN,4,3,16,3,52,5
1,2016-04-20,BOCHUM,19,18,76,11,247,26
1,2016-04-20,DORTMUND,22,19,88,9,286,28
1,2016-04-21,BOCHUM,128,110,512,69,1664,195
1,2016-04-21,DORTMUND,134,116,536,52,1742,158
1,2016-04-21,GELSENKIRCHEN,150,130,600,83,1950,215
1,2016-04-22,BOCHUM,2,1,8,0,26,1
1,2016-04-22,DORTMUND,8,8,32,4,104,13
1,2016-04-25,BOCHUM,6,6,24,5,78,12
1,2016-04-25,DORTMUND,14,13,56,8,182,20
1,2016-04-26,GELSENKIRCHEN,8,7,32,3,104,12
1,2016-04-27,DORTMUND,4,4,16,3,52,6
1,2016-04-27,NORDKIRCHEN,2,2,8,0,26,3
1,2016-04-28,BOCHUM,20,18,80,8,260,34
1,2016-04-28,GELSENKIRCHEN,10,9,40,4,130,19
1,2016-04-29,BOCHUM,20,16,80,7,260,26
1,2016-04-29,DORTMUND,36,30,144,14,468,42
1,2016-04-29,GELSENKIRCHEN,12,11,48,10,156,13
1,2016-05-02,DORTMUND,6,6,24,3,78,12
1,2016-05-02,NORDKIRCHEN,2,2,8,2,26,2
1,2016-05-03,BOCHUM,12,12,48,3,156,14
1,2016-05-03,DORTMUND,20,18,80,6,260,29
1,2016-05-03,GELSENKIRCHEN,6,6,24,0,78,13
1,2016-05-04,BOCHUM,12,12,48,6,156,15
1,2016-05-04,DORTMUND,46,42,184,21,598,73
1,2016-05-05,BOCHUM,4,4,16,3,52,5
1,2016-05-05,DORTMUND,10,7,40,3,130,15
1,2016-05-06,BOCHUM,8,8,32,3,104,12
1,2016-05-06,DORTMUND,14,11,56,4,182,14
1,2016-05-09,BOCHUM,14,14,56,7,182,23
1,2016-05-09,DORTMUND,18,13,72,5,234,23
1,2016-05-09,GELSENKIRCHEN,8,5,32,1,104,10
1,2016-05-10,NORDKIRCHEN,2,2,8,0,26,3
1,2016-05-11,DORTMUND,8,8,32,3,104,11
1,2016-05-11,NORDKIRCHEN,2,2,8,1,26,1
1,2016-05-12,BOCHUM,4,3,16,3,52,3
1,2016-05-12,DORTMUND,12,9,48,3,156,23
1,2016-05-12,NORDKIRCHEN,2,1,8,0,26,5
1,2016-05-13,BOCHUM,12,11,48,9,156,16
1,2016-05-13,DORTMUND,14,11,56,9,182,12
1,2016-05-13,GELSENKIRCHEN,10,8,40,4,130,12
1,2016-05-16,BOCHUM,12,10,48,8,156,13
1,2016-05-16,DORTMUND,30,27,120,17,390,57
1,2016-05-16,GELSENKIRCHEN,10,10,40,9,130,11
1,2016-05-17,BOCHUM,16,15,64,10,208,23
1,2016-05-17,DORTMUND,28,28,112,10,364,49
1,2016-05-17,GELSENKIRCHEN,6,6,24,4,78,9
1,2016-05-20,BOCHUM,6,4,24,1,78,6
1,2016-05-20,DORTMUND,32,27,128,7,416,42
1,2016-05-23,BOCHUM,26,24,104,16,338,45
1,2016-05-23,DORTMUND,52,50,208,30,676,79
1,2016-05-23,GELSENKIRCHEN,18,18,72,11,234,37
1,2016-05-24,NORDKIRCHEN,4,4,16,3,52,4
1,2016-05-25,BOCHUM,6,5,24,5,78,5
1,2016-05-25,DORTMUND,2,2,8,0,26,3
1,2016-05-26,BOCHUM,42,36,168,17,546,49
1,2016-05-26,DORTMUND,46,41,184,27,598,79
1,2016-05-26,GELSENKIRCHEN,10,6,40,1,130,9
1,2016-05-27,NORDKIRCHEN,2,2,8,0,26,4
1,2016-05-30,BOCHUM,64,59,256,34,832,102
1,2016-05-30,DORTMUND,74,66,296,38,962,103
1,2016-05-30,GELSENKIRCHEN,34,29,136,11,442,56
1,2016-05-31,BOCHUM,10,10,40,7,130,16
1,2016-05-31,DORTMUND,18,15,72,12,234,26
1,2016-05-31,GELSENKIRCHEN,4,4,16,1,52,7
1,2016-06-01,BOCHUM,8,7,32,3,104,15
1,2016-06-01,DORTMUND,16,14,64,10,208,18
1,2016-06-01,GELSENKIRCHEN,4,4,16,5,52,6
1,2016-06-01,NORDKIRCHEN,2,2,8,2,26,3
1,2016-06-02,NORDKIRCHEN,6,6,24,4,78,10
1,2016-06-03,BOCHUM,14,12,56,6,182,22
1,2016-06-03,DORTMUND,28,24,112,12,364,33
1,2016-06-03,GELSENKIRCHEN,8,8,32,9,104,11
1,2016-06-06,BOCHUM,10,8,40,5,130,10
1,2016-06-06,DORTMUND,16,13,64,8,208,18
1,2016-06-06,GELSENKIRCHEN,6,6,24,2,78,10
1,2016-06-08,BOCHUM,32,30,128,18,416,44
1,2016-06-08,DORTMUND,50,39,200,23,650,63
1,2016-06-08,GELSENKIRCHEN,18,16,72,9,234,28
1,2016-06-10,NORDKIRCHEN,4,4,16,6,52,9
1,2016-06-13,BOCHUM,18,16,72,11,234,23
1,2016-06-13,DORTMUND,32,29,128,14,416,46
1,2016-06-13,GELSENKIRCHEN,12,10,48,1,156,19
1,2016-06-15,BOCHUM,2,2,8,3,26,5
1,2016-06-15,DORTMUND,8,8,32,4,104,12
1,2016-06-15,NORDKIRCHEN,2,2,8,1,26,3
1,2016-06-16,BOCHUM,18,15,72,4,234,26
1,2016-06-16,DORTMUND,38,31,152,13,494,43
1,2016-06-16,GELSENKIRCHEN,8,8,32,3,104,17
1,2016-06-17,BOCHUM,14,13,56,4,182,26
1,2016-06-17,DORTMUND,36,31,144,17,468,68
1,2016-06-17,GELSENKIRCHEN,10,9,40,5,130,16
1,2016-06-21,BOCHUM,132,125,528,55,1716,198
1,2016-06-21,DORTMUND,136,118,544,64,1768,203
1,2016-06-21,GELSENKIRCHEN,145,127,580,84,1885,208
1,2016-06-23,BOCHUM,42,39,168,20,546,69
1,2016-06-23,DORTMUND,64,54,256,36,832,85
1,2016-06-23,GELSENKIRCHEN,24,19,96,10,312,26
1,2016-06-24,BOCHUM,24,22,96,15,312,35
1,2016-06-24,DORTMUND,48,38,192,17,624,54
1,2016-06-24,GELSENKIRCHEN,12,12,48,5,156,19
1,2016-06-27,DORTMUND,4,3,16,3,52,5
1,2016-06-28,BOCHUM,20,17,80,12,260,31
1,2016-06-28,DORTMUND,40,36,160,20,520,55
1,2016-06-28,GELSENKIRCHEN,12,10,48,4,156,11
1,2016-06-30,BOCHUM,68,63,272,36,884,101
1,2016-06-30,DORTMUND,84,77,336,43,1092,117
1,2016-06-30,GELSENKIRCHEN,52,48,208,25,676,84
1,2016-07-01,BOCHUM,6,6,24,4,78,10
1,2016-07-01,DORTMUND,12,10,48,3,156,18
1,2016-07-01,GELSENKIRCHEN,2,1,8,0,26,2
1,2016-07-04,DORTMUND,9,8,36,4,117,8
1,2016-07-05,BOCHUM,2,2,8,0,26,2
1,2016-07-05,DORTMUND,10,8,40,4,130,22
1,2016-07-06,BOCHUM,2,2,8,2,26,4
1,2016-07-06,DORTMUND,12,11,48,8,156,17
1,2016-07-07,BOCHUM,6,6,24,3,78,9
1,2016-07-07,DORTMUND,10,8,40,2,130,12
1,2016-07-08,BOCHUM,34,34,136,15,442,55
1,2016-07-08,DORTMUND,44,39,176,19,572,54
1,2016-07-08,GELSENKIRCHEN,14,11,56,7,182,21
1,2016-07-11,BOCHUM,2,2,8,0,26,5
1,2016-07-11,DORTMUND,8,6,32,6,104,7
1,2016-07-11,NORDKIRCHEN,2,2,8,2,26,3
1,2016-07-12,NORDKIRCHEN,2,2,8,2,26,4
1,2016-07-13,BOCHUM,16,15,64,8,208,22
1,2016-07-13,DORTMUND,26,20,104,14,338,36
1,2016-07-13,GELSENKIRCHEN,10,10,40,6,130,22
1,2016-07-14,BOCHUM,10,7,40,4,130,15
1,2016-07-14,DORTMUND,16,14,64,4,208,30
1,2016-07-14,GELSENKIRCHEN,4,3,16,3,52,6
1,2016-07-15,DORTMUND,4,4,16,2,52,6
1,2016-07-18,BOCHUM,6,5,24,4,78,4
1,2016-07-18,DORTMUND,22,19,88,8,286,33
1,2016-07-19,NORDKIRCHEN,6,5,24,5,78,3
1,2016-07-20,BOCHUM,16,15,64,6,208,21
1,2016-07-20,DORTMUND,34,28,136,20,442,36
1,2016-07-20,GELSENKIRCHEN,10,9,40,6,130,13
1,2016-07-21,BOCHUM,140,122,560,67,1820,200
1,2016-07-21,DORTMUND,136,118,544,53,1768,188
1,2016-07-21,GELSENKIRCHEN,152,136,608,77,1976,225
1,2016-07-22,DORTMUND,6,5,24,2,78,5
1,2016-07-26,BOCHUM,34,30,136,14,442,48
1,2016-07-26,DORTMUND,46,38,184,23,598,53
1,2016-07-26,GELSENKIRCHEN,10,9,40,5,130,14
1,2016-07-27,NORDKIRCHEN,2,2,8,2,26,4
1,2016-07-29,BOCHUM,14,14,56,9,182,17
1,2016-07-29,DORTMUND,38,35,152,18,494,65
1,2016-07-29,GELSENKIRCHEN,10,8,40,5,130,13
1,2016-08-01,BOCHUM,4,4,16,2,52,8
1,2016-08-01,DORTMUND,10,8,40,4,130,11
1,2016-08-02,NORDKIRCHEN,2,2,8,0,26,2
1,2016-08-03,BOCHUM,10,9,40,4,130,22
1,2016-08-03,DORTMUND,18,16,72,10,234,36
1,2016-08-03,GELSENKIRCHEN,6,5,24,3,78,2
1,2016-08-05,BOCHUM,2,1,8,1,26,0
1,2016-08-05,DORTMUND,8,7,32,6,104,10
1,2016-08-08,BOCHUM,32,31,128,10,416,40
1,2016-08-08,DORTMUND,40,36,160,14,520,51
1,2016-08-08,GELSENKIRCHEN,10,10,40,5,130,13
1,2016-08-09,BOCHUM,6,4,24,1,78,8
1,2016-08-09,DORTMUND,18,15,72,11,234,22
1,2016-08-09,GELSENKIRCHEN,6,5,24,3,78,9
1,2016-08-10,NORDKIRCHEN,2,2,8,1,26,3
1,2016-08-12,BOCHUM,2,2,8,4,26,3
1,2016-08-12,DORTMUND,10,9,40,4,130,19
1,2016-08-15,DORTMUND,2,2,8,0,26,3
1,2016-08-15,GELSENKIRCHEN,2,1,8,1,26,3
1,2016-08-16,BOCHUM,12,11,48,5,156,18
1,2016-08-16,DORTMUND,20,16,80,8,260,21
1,2016-08-16,GELSENKIRCHEN,6,5,24,2,78,8
1,2016-08-18,BOCHUM,6,6,24,1,78,6
1,2016-08-18,DORTMUND,18,15,72,8,234,27
1,2016-08-18,GELSENKIRCHEN,6,6,24,3,78,15
1,2016-08-19,GELSENKIRCHEN,20,16,80,5,260,29
1,2016-08-19,NORDKIRCHEN,2,2,8,1,26,3
1,2016-08-22,DORTMUND,4,4,16,4,52,2
1,2016-08-24,BOCHUM,14,13,56,13,182,12
1,2016-08-24,DORTMUND,32,30,128,24,416,38
1,2016-08-24,GELSENKIRCHEN,14,10,56,5,182,13
1,2016-08-25,BOCHUM,4,4,16,1,52,6
1,2016-08-25,DORTMUND,8,5,32,4,104,10
1,2016-08-26,BOCHUM,30,24,120,12,390,44
1,2016-08-26,DORTMUND,44,39,176,22,572,69
1,2016-08-26,GELSENKIRCHEN,18,15,72,7,234,31
1,2016-08-29,BOCHUM,16,12,64,5,208,23
1,2016-08-29,DORTMUND,24,24,96,13,312,40
1,2016-08-29,GELSENKIRCHEN,10,7,40,6,130,12
1,2016-08-30,BOCHUM,50,47,200,25,650,81
1,2016-08-30,DORTMUND,51,46,204,27,663,77
1,2016-08-30,GELSENKIRCHEN,20,17,80,10,260,26
1,2016-08-31,BOCHUM,8,6,32,4,104,10
1,2016-08-31,DORTMUND,12,9,48,4,156,15
1,2016-08-31,GELSENKIRCHEN,4,4,16,2,52,7
1,2016-09-01,BOCHUM,6,4,24,1,78,9
1,2016-09-01,DORTMUND,14,13,56,8,182,18
1,2016-09-01,GELSENKIRCHEN,2,2,8,0,26,7
1,2016-09-02,NORDKIRCHEN,2,2,8,1,26,4
1,2016-09-05,BOCHUM,4,4,16,3,52,3
1,2016-09-05,DORTMUND,10,8,40,8,130,17
1,2016-09-08,BOCHUM,30,27,120,17,390,43
1,2016-09-08,DORTMUND,48,40,192,22,624,67
1,2016-09-08,GELSENKIRCHEN,20,17,80,11,260,30
1,2016-09-09,BOCHUM,12,11,48,8,156,13
1,2016-09-09,DORTMUND,22,19,88,12,286,27
1,2016-09-09,GELSENKIRCHEN,4,3,16,1,52,5
1,2016-09-13,BOCHUM,18,16,72,5,234,26
1,2016-09-13,DORTMUND,34,27,136,13,442,50
1,2016-09-13,GELSENKIRCHEN,12,11,48,9,156,18
1,2016-09-14,BOCHUM,10,9,40,7,130,15
1,2016-09-14,DORTMUND,18,17,72,12,234,26
1,2016-09-14,GELSENKIRCHEN,6,5,24,2,78,8
1,2016-09-15,DORTMUND,6,6,24,3,78,10
1,2016-09-16,BOCHUM,18,15,72,9,234,23
1,2016-09-16,DORTMUND,28,26,112,16,364,47
1,2016-09-16,GELSENKIRCHEN,10,10,40,3,130,15
1,2016-09-19,NORDKIRCHEN,4,2,16,2,52,4
1,2016-09-20,BOCHUM,14,14,56,8,182,24
1,2016-09-20,DORTMUND,34,28,136,14,442,53
1,2016-09-20,GELSENKIRCHEN,6,5,24,3,78,7
1,2016-09-21,BOCHUM,20,20,80,11,260,33
1,2016-09-21,DORTMUND,132,115,528,66,1716,195
1,2016-09-22,DORTMUND,8,8,32,5,104,12
1,2016-09-22,NORDKIRCHEN,4,4,16,2,52,7
1,2016-09-23,BOCHUM,36,29,144,11,468,49
1,2016-09-23,DORTMUND,54,48,216,10,702,78
1,2016-09-23,GELSENKIRCHEN,22,19,88,14,286,27
1,2016-09-27,DORTMUND,2,2,8,1,26,4
1,2016-09-27,NORDKIRCHEN,2,2,8,1,26,2
1,2016-09-28,BOCHUM,20,18,80,14,260,24
1,2016-09-28,DORTMUND,36,30,144,20,468,57
1,2016-09-28,GELSENKIRCHEN,12,9,48,6,156,10
1,2016-09-29,DORTMUND,34,29,136,17,442,46
1,2016-09-30,BOCHUM,60,48,240,25,780,83
1,2016-09-30,DORTMUND,76,70,304,41,988,118
1,2016-09-30,GELSENKIRCHEN,38,35,152,16,494,63
1,2016-10-03,BOCHUM,10,7,40,2,130,13
1,2016-10-03,DORTMUND,18,17,72,10,234,25
1,2016-10-03,GELSENKIRCHEN,8,7,32,2,104,15
1,2016-10-04,BOCHUM,28,26,112,10,364,45
1,2016-10-04,DORTMUND,40,35,160,14,520,64
1,2016-10-04,GELSENKIRCHEN,10,9,40,9,130,16
1,2016-10-10,DORTMUND,4,2,16,0,52,2
1,2016-10-11,BOCHUM,2,1,8,1,26,2
1,2016-10-11,DORTMUND,6,3,24,3,78,3
1,2016-10-12,BOCHUM,6,6,24,2,78,12
1,2016-10-12,DORTMUND,10,6,40,3,130,10
1,2016-10-13,BOCHUM,14,12,56,5,182,27
1,2016-10-13,DORTMUND,24,20,96,11,312,26
1,2016-10-13,GELSENKIRCHEN,6,6,24,1,78,12
1,2016-10-17,BOCHUM,11,11,44,3,143,22
1,2016-10-17,GELSENKIRCHEN,8,6,32,7,104,8
1,2016-10-18,BOCHUM,10,9,40,3,130,9
1,2016-10-18,DORTMUND,24,21,96,12,312,25
1,2016-10-18,GELSENKIRCHEN,6,6,24,5,78,13
1,2016-10-19,GELSENKIRCHEN,36,32,144,22,468,53
1,2016-10-19,NORDKIRCHEN,2,2,8,0,26,2
1,2016-10-20,BOCHUM,16,14,64,8,208,21
1,2016-10-20,DORTMUND,24,19,96,11,312,38
1,2016-10-20,GELSENKIRCHEN,2,2,8,0,26,3
1,2016-10-21,BOCHUM,148,127,592,64,1924,218
1,2016-10-21,DORTMUND,132,103,528,55,1716,161
1,2016-10-21,GELSENKIRCHEN,50,44,200,19,650,77
1,2016-10-24,BOCHUM,14,10,56,4,182,19
1,2016-10-24,DORTMUND,40,34,160,14,520,46
1,2016-10-24,GELSENKIRCHEN,10,9,40,8,130,15
1,2016-10-24,NORDKIRCHEN,4,4,16,1,52,4
1,2016-10-25,BOCHUM,2,2,8,0,26,5
1,2016-10-25,DORTMUND,10,10,40,8,130,16
1,2016-10-26,BOCHUM,28,24,112,14,364,48
1,2016-10-26,DORTMUND,50,37,200,14,650,64
1,2016-10-26,GELSENKIRCHEN,14,11,56,4,182,18
1,2016-10-28,BOCHUM,16,13,64,7,208,24
1,2016-10-28,DORTMUND,38,33,152,20,494,53
1,2016-10-28,GELSENKIRCHEN,10,9,40,6,130,14
1,2016-11-01,BOCHUM,6,4,24,3,78,8
1,2016-11-01,DORTMUND,10,7,40,4,130,14
1,2016-11-01,GELSENKIRCHEN,2,2,8,1,26,4
1,2016-11-01,NORDKIRCHEN,4,4,16,2,52,9
1,2016-11-02,DORTMUND,6,5,24,1,78,6
1,2016-11-02,NORDKIRCHEN,2,2,8,0,26,1
1,2016-11-03,BOCHUM,12,11,48,4,156,15
1,2016-11-03,DORTMUND,20,19,80,12,260,32
1,2016-11-03,GELSENKIRCHEN,4,4,16,1,52,6
1,2016-11-04,BOCHUM,30,25,120,14,390,47
1,2016-11-04,DORTMUND,52,47,208,24,676,79
1,2016-11-04,GELSENKIRCHEN,16,12,64,10,208,12
1,2016-11-08,BOCHUM,28,27,112,10,364,43
1,2016-11-08,DORTMUND,44,40,176,25,572,61
1,2016-11-08,GELSENKIRCHEN,14,12,56,7,182,21
1,2016-11-09,BOCHUM,10,9,40,2,130,18
1,2016-11-09,DORTMUND,18,15,72,9,234,27
1,2016-11-09,GELSENKIRCHEN,6,6,24,4,78,11
1,2016-11-10,NORDKIRCHEN,4,4,16,4,52,6
1,2016-11-11,DORTMUND,8,7,32,4,104,12
1,2016-11-15,DORTMUND,4,3,16,1,52,1
1,2016-11-16,DORTMUND,17,16,68,10,221,25
1,2016-11-17,GELSENKIRCHEN,3,3,12,3,39,6
1,2016-11-18,BOCHUM,16,13,64,17,208,28
1,2016-11-18,DORTMUND,26,24,104,9,338,34
1,2016-11-18,GELSENKIRCHEN,6,4,24,1,78,11
1,2016-11-21,BOCHUM,126,112,504,53,1638,168
1,2016-11-21,DORTMUND,132,117,528,68,1716,186
1,2016-11-21,GELSENKIRCHEN,144,129,576,70,1872,229
1,2016-11-22,DORTMUND,6,6,24,2,78,8
1,2016-11-22,NORDKIRCHEN,4,3,16,1,52,6
1,2016-11-23,BOCHUM,30,25,120,13,390,44
1,2016-11-23,DORTMUND,58,46,232,19,754,74
1,2016-11-23,GELSENKIRCHEN,16,12,64,5,208,15
1,2016-11-25,BOCHUM,6,6,24,2,78,11
1,2016-11-25,DORTMUND,10,7,40,2,130,11
1,2016-11-25,GELSENKIRCHEN,2,1,8,0,26,1
1,2016-11-29,BOCHUM,16,15,64,7,208,28
1,2016-11-29,DORTMUND,30,29,120,17,390,56
1,2016-11-29,GELSENKIRCHEN,10,8,40,2,130,13
1,2016-11-30,BOCHUM,1,1,4,0,13,2
1,2016-11-30,DORTMUND,74,69,296,38,962,110
1,2016-12-01,BOCHUM,6,4,24,2,78,5
1,2016-12-01,DORTMUND,12,9,48,5,156,17
1,2016-12-02,NORDKIRCHEN,4,3,16,1,52,4
1,2016-12-07,BOCHUM,1,1,4,0,13,1
1,2016-12-08,BOCHUM,22,22,88,9,286,31
1,2016-12-08,DORTMUND,46,39,184,35,598,62
1,2016-12-08,GELSENKIRCHEN,8,7,32,7,104,14
1,2016-12-09,BOCHUM,10,10,40,9,130,13
1,2016-12-09,DORTMUND,18,16,72,4,234,25
1,2016-12-09,GELSENKIRCHEN,8,6,32,1,104,8
1,2016-12-12,BOCHUM,6,5,24,0,78,7
1,2016-12-12,DORTMUND,10,9,40,2,130,14
1,2016-12-13,BOCHUM,10,9,40,7,130,14
1,2016-12-13,DORTMUND,24,22,96,11,312,40
1,2016-12-13,GELSENKIRCHEN,6,5,24,3,78,7
1,2016-12-15,DORTMUND,4,3,16,1,52,6
1,2016-12-19,GELSENKIRCHEN,36,31,144,14,468,49
1,2016-12-19,NORDKIRCHEN,2,2,8,0,26,2
1,2016-12-20,BOCHUM,14,12,56,8,182,26
1,2016-12-20,DORTMUND,30,28,120,16,390,38
1,2016-12-20,GELSENKIRCHEN,2,1,8,1,26,2
1,2016-12-21,BOCHUM,152,135,608,65,1976,241
1,2016-12-21,DORTMUND,132,117,528,64,1716,179
1,2016-12-21,GELSENKIRCHEN,120,108,480,62,1560,180
1,2016-12-22,DORTMUND,4,4,16,1,52,7
1,2016-12-23,BOCHUM,18,16,72,11,234,22
1,2016-12-23,DORTMUND,50,45,200,26,650,71
1,2016-12-23,GELSENKIRCHEN,11,9,44,4,143,14
1,2016-12-26,BOCHUM,30,28,120,11,390,46
1,2016-12-26,DORTMUND,44,36,176,21,572,55
1,2016-12-26,GELSENKIRCHEN,14,13,56,9,182,27
2,2014-01-01,BOCHUM,4,4,16,1,56,6
2,2014-01-01,DORTMUND,10,9,40,4,140,15
2,2014-01-02,DORTMUND,2,2,8,0,30,2
2,2014-01-06,BOCHUM,4,3,16,4,56,6
2,2014-01-06,DORTMUND,10,8,40,0,140,15
2,2014-01-07,DORTMUND,8,7,32,4,112,14
2,2014-01-08,DORTMUND,25,23,100,19,375,40
2,2014-01-20,GELSENKIRCHEN,5,5,20,4,70,8
2,2014-01-21,BOCHUM,79,67,316,35,1106,117
2,2014-01-21,GELSENKIRCHEN,108,100,432,43,1524,160
2,2014-01-24,NORDKIRCHEN,6,5,24,2,84,8
2,2014-01-27,GELSENKIRCHEN,7,7,28,5,105,10
2,2014-01-28,BOCHUM,10,10,40,5,150,16
2,2014-01-28,DORTMUND,30,28,120,13,420,53
2,2014-01-28,GELSENKIRCHEN,8,6,32,3,120,10
2,2014-02-18,BOCHUM,12,10,48,4,168,22
2,2014-02-18,DORTMUND,16,12,64,1,224,22
2,2014-02-19,BOCHUM,46,42,184,20,644,69
2,2014-02-19,GELSENKIRCHEN,76,72,304,47,1088,113
2,2014-02-19,NORDKIRCHEN,2,2,8,0,28,2
2,2014-02-20,DORTMUND,16,15,64,8,237,30
2,2014-02-21,DORTMUND,174,157,696,76,2517,275
2,2014-02-26,BOCHUM,16,14,64,6,224,25
2,2014-02-26,DORTMUND,9,9,36,7,126,16
2,2014-02-26,GELSENKIRCHEN,12,11,48,4,168,11
2,2014-02-28,BOCHUM,12,10,48,5,180,18
2,2014-02-28,DORTMUND,26,19,104,15,390,30
2,2014-02-28,GELSENKIRCHEN,7,6,28,3,105,5
2,2014-03-10,NORDKIRCHEN,4,4,16,2,56,8
2,2014-03-13,DORTMUND,2,2,8,1,30,3
2,2014-03-18,BOCHUM,18,17,72,11,252,28
2,2014-03-18,DORTMUND,28,27,112,6,392,38
2,2014-03-18,GELSENKIRCHEN,10,10,40,4,140,19
2,2014-03-21,BOCHUM,1,1,4,0,15,1
2,2014-03-21,DORTMUND,132,118,528,66,1886,208
2,2014-03-24,BOCHUM,24,24,96,7,360,49
2,2014-03-24,DORTMUND,46,43,184,19,690,75
2,2014-03-24,GELSENKIRCHEN,14,13,56,5,210,25
2,2014-03-27,DORTMUND,2,2,8,2,30,0
2,2014-03-31,BOCHUM,10,8,40,4,140,11
2,2014-03-31,DORTMUND,22,19,88,8,308,42
2,2014-03-31,GELSENKIRCHEN,6,4,24,0,84,12
2,2014-04-09,BOCHUM,12,10,48,4,168,13
2,2014-04-09,DORTMUND,22,21,88,7,308,30
2,2014-04-09,GELSENKIRCHEN,8,7,32,4,112,11
2,2014-04-17,BOCHUM,14,14,56,5,196,30
2,2014-04-17,DORTMUND,28,25,112,23,392,33
2,2014-04-17,GELSENKIRCHEN,10,10,40,5,140,15
2,2014-04-22,NORDKIRCHEN,4,4,16,1,56,6
2,2014-04-23,BOCHUM,36,30,144,15,540,56
2,2014-04-23,DORTMUND,58,53,232,24,848,93
2,2014-04-23,GELSENKIRCHEN,22,22,88,9,330,48
2,2014-04-29,BOCHUM,16,14,64,6,224,26
2,2014-04-29,DORTMUND,38,32,152,12,532,63
2,2014-04-29,GELSENKIRCHEN,12,11,48,8,172,16
2,2014-05-08,BOCHUM,34,28,136,20,510,62
2,2014-05-08,DORTMUND,48,43,192,18,672,73
2,2014-05-08,GELSENKIRCHEN,22,22,88,7,330,40
2,2014-05-12,BOCHUM,6,5,24,0,90,13
2,2014-05-12,DORTMUND,12,10,48,9,180,24
2,2014-05-14,BOCHUM,10,9,40,6,140,13
2,2014-05-14,DORTMUND,16,13,64,10,224,20
2,2014-05-14,GELSENKIRCHEN,6,6,24,7,84,10
2,2014-05-16,DORTMUND,20,18,80,6,300,29
2,2014-05-21,BOCHUM,140,134,560,55,2007,228
2,2014-05-21,DORTMUND,8,8,32,5,112,16
2,2014-05-21,GELSENKIRCHEN,62,55,248,28,927,85
2,2014-05-26,BOCHUM,3,3,12,0,45,8
2,2014-05-26,DORTMUND,48,41,192,16,720,73
2,2014-05-27,NORDKIRCHEN,2,2,8,0,28,6
2,2014-05-29,BOCHUM,14,14,56,5,210,23
2,2014-05-29,DORTMUND,38,32,152,11,570,58
2,2014-06-02,BOCHUM,2,2,8,2,28,3
2,2014-06-02,DORTMUND,8,7,32,3,112,10
2,2014-06-09,BOCHUM,12,12,48,8,168,24
2,2014-06-09,DORTMUND,20,18,80,9,280,26
2,2014-06-09,GELSENKIRCHEN,8,8,32,4,112,21
2,2014-06-13,DORTMUND,10,9,40,7,150,12
2,2014-06-17,BOCHUM,14,12,56,6,210,21
2,2014-06-17,DORTMUND,30,26,120,13,441,52
2,2014-06-17,GELSENKIRCHEN,10,8,40,4,150,13
2,2014-06-23,BOCHUM,34,33,136,15,482,49
2,2014-06-23,DORTMUND,58,52,232,22,812,88
2,2014-06-23,GELSENKIRCHEN,20,19,80,13,300,34
2,2014-06-25,BOCHUM,6,6,24,3,90,8
2,2014-06-25,DORTMUND,12,10,48,7,180,14
2,2014-07-04,BOCHUM,32,28,128,16,448,52
2,2014-07-04,DORTMUND,46,42,184,11,644,66
2,2014-07-04,GELSENKIRCHEN,16,13,64,3,224,20
2,2014-07-09,BOCHUM,12,10,48,6,168,19
2,2014-07-09,DORTMUND,18,16,72,8,252,27
2,2014-07-09,GELSENKIRCHEN,6,5,24,1,84,7
2,2014-07-16,BOCHUM,18,17,72,6,252,28
2,2014-07-16,DORTMUND,30,27,120,13,420,43
2,2014-07-16,GELSENKIRCHEN,8,6,32,3,112,10
2,2014-07-21,GELSENKIRCHEN,69,53,276,34,966,88
2,2014-07-23,DORTMUND,33,27,132,19,493,48
2,2014-07-24,BOCHUM,4,3,16,3,60,4
2,2014-07-24,DORTMUND,34,30,136,16,510,55
2,2014-07-29,BOCHUM,16,15,64,6,240,22
2,2014-07-29,DORTMUND,40,34,160,19,581,60
2,2014-07-29,GELSENKIRCHEN,14,14,56,3,210,30
2,2014-08-05,BOCHUM,2,1,8,0,28,1
2,2014-08-05,DORTMUND,6,5,24,1,84,12
2,2014-08-06,BOCHUM,6,5,24,2,90,6
2,2014-08-06,DORTMUND,10,9,40,2,148,16
2,2014-08-07,DORTMUND,10,9,40,8,150,11
2,2014-08-19,GELSENKIRCHEN,5,5,20,1,70,5
2,2014-08-21,BOCHUM,29,27,116,10,406,48
2,2014-08-21,GELSENKIRCHEN,108,97,432,43,1512,169
2,2014-09-01,BOCHUM,6,5,24,3,90,10
2,2014-09-01,DORTMUND,12,12,48,6,180,27
2,2014-09-01,GELSENKIRCHEN,2,2,8,1,30,6
2,2014-09-02,DORTMUND,6,6,24,3,90,7
2,2014-09-03,DORTMUND,17,14,68,9,255,27
2,2014-09-09,BOCHUM,10,8,40,2,140,14
2,2014-09-09,DORTMUND,22,19,88,6,308,34
2,2014-09-09,GELSENKIRCHEN,6,6,24,1,84,8
2,2014-09-10,NORDKIRCHEN,4,4,16,1,60,9
2,2014-09-22,NORDKIRCHEN,4,4,16,2,58,5
2,2014-09-23,BOCHUM,31,28,124,12,465,51
2,2014-09-23,DORTMUND,50,45,200,24,750,79
2,2014-09-25,DORTMUND,6,6,24,3,90,8
2,2014-09-30,GELSENKIRCHEN,27,26,108,17,378,52
2,2014-10-07,BOCHUM,8,7,32,3,112,12
2,2014-10-07,DORTMUND,14,14,56,4,196,27
2,2014-10-13,BOCHUM,16,16,64,5,224,33
2,2014-10-13,DORTMUND,30,28,120,17,420,39
2,2014-10-13,GELSENKIRCHEN,10,10,40,2,140,19
2,2014-10-14,DORTMUND,3,3,12,2,42,6
2,2014-10-21,DORTMUND,132,125,528,57,1896,228
2,2014-10-22,DORTMUND,6,6,24,4,90,5
2,2014-10-24,GELSENKIRCHEN,7,6,28,4,98,10
2,2014-10-28,BOCHUM,12,11,48,5,180,22
2,2014-10-28,DORTMUND,46,38,184,21,690,60
2,2014-10-30,BOCHUM,60,54,240,29,869,100
2,2014-10-30,DORTMUND,70,63,280,24,980,103
2,2014-10-30,GELSENKIRCHEN,36,34,144,12,540,66
2,2014-11-03,BOCHUM,12,11,48,3,168,12
2,2014-11-03,DORTMUND,20,17,80,9,280,32
2,2014-11-03,GELSENKIRCHEN,6,5,24,3,84,7
2,2014-11-11,BOCHUM,2,2,8,1,28,2
2,2014-11-11,DORTMUND,8,7,32,3,112,6
2,2014-11-11,NORDKIRCHEN,2,2,8,0,29,5
2,2014-11-13,BOCHUM,7,6,28,6,98,11
2,2014-11-13,GELSENKIRCHEN,6,6,24,4,84,11
2,2014-11-21,GELSENKIRCHEN,47,42,188,17,658,78
2,2014-12-01,BOCHUM,4,4,16,2,56,6
2,2014-12-01,DORTMUND,3,2,12,2,42,5
2,2014-12-08,BOCHUM,30,29,120,9,420,58
2,2014-12-08,DORTMUND,40,40,160,20,560,75
2,2014-12-08,GELSENKIRCHEN,14,11,56,9,196,19
2,2014-12-10,NORDKIRCHEN,2,2,8,1,30,3
2,2014-12-15,DORTMUND,2,2,8,2,30,5
2,2014-12-18,BOCHUM,6,4,24,2,84,9
2,2014-12-18,DORTMUND,20,19,80,10,280,35
2,2014-12-18,GELSENKIRCHEN,6,5,24,6,84,6
2,2014-12-26,BOCHUM,24,21,96,10,360,38
2,2014-12-26,DORTMUND,46,41,184,13,671,84
2,2014-12-26,GELSENKIRCHEN,12,12,48,3,180,28
2,2014-12-30,BOCHUM,50,44,200,16,700,84
2,2014-12-30,DORTMUND,63,52,252,30,882,92
2,2014-12-30,GELSENKIRCHEN,22,18,88,4,308,34
2,2015-01-09,BOCHUM,6,5,24,3,84,12
2,2015-01-09,DORTMUND,12,12,48,6,168,16
2,2015-01-09,GELSENKIRCHEN,2,2,8,0,28,7
2,2015-01-14,BOCHUM,6,6,24,3,84,7
2,2015-01-14,DORTMUND,12,9,48,9,168,22
2,2015-01-14,GELSENKIRCHEN,2,2,8,2,28,3
2,2015-01-22,DORTMUND,2,2,8,1,28,5
2,2015-01-22,GELSENKIRCHEN,4,3,16,0,56,4
2,2015-01-30,BOCHUM,54,48,216,23,771,79
2,2015-01-30,DORTMUND,74,68,296,28,1036,122
2,2015-01-30,GELSENKIRCHEN,14,12,56,9,210,22
2,2015-02-02,DORTMUND,4,4,16,5,60,6
2,2015-02-02,GELSENKIRCHEN,4,4,16,3,60,6
2,2015-02-03,BOCHUM,10,8,40,2,140,13
2,2015-02-03,DORTMUND,16,14,64,3,224,26
2,2015-02-03,GELSENKIRCHEN,6,5,24,2,84,10
2,2015-02-10,DORTMUND,4,3,16,0,60,4
2,2015-02-10,GELSENKIRCHEN,8,6,32,3,120,10
2,2015-02-11,BOCHUM,2,2,8,1,28,5
2,2015-02-11,DORTMUND,4,4,16,1,56,6
2,2015-02-18,BOCHUM,12,10,48,2,168,20
2,2015-02-18,DORTMUND,20,19,80,14,280,29
2,2015-02-18,GELSENKIRCHEN,6,5,24,2,84,7
2,2015-02-19,BOCHUM,50,48,200,26,700,91
2,2015-02-19,GELSENKIRCHEN,80,72,320,32,1188,118
2,2015-02-19,NORDKIRCHEN,2,2,8,0,30,4
2,2015-02-20,NORDKIRCHEN,6,5,24,3,84,5
2,2015-03-02,DORTMUND,8,5,32,1,112,11
2,2015-03-04,BOCHUM,36,31,144,16,540,48
2,2015-03-04,DORTMUND,48,41,192,17,684,73
2,2015-03-04,GELSENKIRCHEN,20,15,80,9,300,25
2,2015-03-11,BOCHUM,4,2,16,2,60,2
2,2015-03-11,DORTMUND,10,9,40,4,150,18
2,2015-03-12,BOCHUM,8,8,32,4,120,17
2,2015-03-12,DORTMUND,14,12,56,10,198,20
2,2015-03-12,GELSENKIRCHEN,4,1,16,0,60,2
2,2015-03-13,BOCHUM,16,13,64,7,224,17
2,2015-03-13,GELSENKIRCHEN,8,7,32,1,112,16
2,2015-03-20,BOCHUM,2,1,8,2,28,1
2,2015-03-20,DORTMUND,42,38,168,16,629,74
2,2015-03-24,BOCHUM,11,9,44,4,154,17
2,2015-03-24,GELSENKIRCHEN,14,13,56,7,196,23
2,2015-04-01,BOCHUM,6,5,24,4,84,7
2,2015-04-01,DORTMUND,14,14,56,4,196,25
2,2015-04-01,GELSENKIRCHEN,4,3,16,1,56,2
2,2015-04-08,DORTMUND,5,4,20,3,75,9
2,2015-04-10,NORDKIRCHEN,6,3,24,2,84,7
2,2015-04-13,BOCHUM,14,13,56,6,210,35
2,2015-04-13,DORTMUND,30,22,120,13,422,39
2,2015-04-13,GELSENKIRCHEN,10,9,40,6,150,17
2,2015-04-17,BOCHUM,14,12,56,6,196,27
2,2015-04-17,DORTMUND,32,23,128,8,448,37
2,2015-04-17,GELSENKIRCHEN,10,8,40,6,140,15
2,2015-04-21,GELSENKIRCHEN,85,75,340,48,1190,125
2,2015-04-22,NORDKIRCHEN,4,4,16,0,60,7
2,2015-04-27,NORDKIRCHEN,2,2,8,1,30,3
2,2015-05-01,DORTMUND,7,7,28,4,102,13
2,2015-05-08,BOCHUM,28,23,112,9,392,45
2,2015-05-08,DORTMUND,44,37,176,16,616,61
2,2015-05-08,GELSENKIRCHEN,12,10,48,5,176,13
2,2015-05-13,BOCHUM,12,12,48,4,168,14
2,2015-05-13,DORTMUND,8,6,32,4,112,11
2,2015-05-13,GELSENKIRCHEN,8,5,32,2,112,6
2,2015-05-14,BOCHUM,10,9,40,8,150,20
2,2015-05-14,DORTMUND,14,14,56,4,210,28
2,2015-05-14,GELSENKIRCHEN,4,4,16,3,60,8
2,2015-05-18,BOCHUM,8,8,32,5,120,12
2,2015-05-18,DORTMUND,26,23,104,9,390,33
2,2015-05-18,GELSENKIRCHEN,6,6,24,2,90,7
2,2015-05-19,GELSENKIRCHEN,38,33,152,14,532,55
2,2015-05-19,NORDKIRCHEN,2,2,8,0,28,4
2,2015-05-26,BOCHUM,36,31,144,16,504,46
2,2015-05-26,DORTMUND,46,44,184,20,644,72
2,2015-05-26,GELSENKIRCHEN,10,9,40,3,140,16
2,2015-06-03,BOCHUM,14,13,56,4,196,23
2,2015-06-03,DORTMUND,17,15,68,10,238,27
2,2015-06-03,GELSENKIRCHEN,8,7,32,3,112,12
2,2015-06-08,BOCHUM,34,31,136,16,476,50
2,2015-06-08,DORTMUND,43,36,172,11,602,53
2,2015-06-08,GELSENKIRCHEN,22,18,88,9,308,23
2,2015-06-10,NORDKIRCHEN,6,4,24,4,90,10
2,2015-06-12,DORTMUND,14,12,56,5,208,18
2,2015-06-18,BOCHUM,24,19,96,9,336,30
2,2015-06-18,GELSENKIRCHEN,6,4,24,3,84,7
2,2015-06-22,DORTMUND,8,8,32,5,117,14
2,2015-06-25,BOCHUM,8,7,32,4,112,11
2,2015-06-25,DORTMUND,14,12,56,7,196,20
2,2015-06-25,GELSENKIRCHEN,2,2,8,1,28,3
2,2015-06-30,BOCHUM,70,66,280,32,980,121
2,2015-06-30,GELSENKIRCHEN,52,46,208,19,728,92
2,2015-07-02,NORDKIRCHEN,4,3,16,2,60,5
2,2015-07-03,BOCHUM,14,14,56,11,196,27
2,2015-07-03,DORTMUND,24,20,96,7,336,30
2,2015-07-03,GELSENKIRCHEN,4,3,16,0,59,4
2,2015-07-09,BOCHUM,14,11,56,6,196,25
2,2015-07-09,DORTMUND,26,23,104,7,364,45
2,2015-07-09,GELSENKIRCHEN,6,5,24,1,84,7
2,2015-07-17,BOCHUM,18,16,72,9,252,31
2,2015-07-17,DORTMUND,30,25,120,15,420,50
2,2015-07-17,GELSENKIRCHEN,8,8,32,4,112,12
2,2015-07-21,GELSENKIRCHEN,24,23,96,9,336,41
2,2015-07-24,NORDKIRCHEN,2,2,8,2,28,6
2,2015-07-27,NORDKIRCHEN,2,2,8,1,28,4
2,2015-07-30,GELSENKIRCHEN,11,11,44,9,154,24
2,2015-08-04,BOCHUM,26,22,104,7,390,40
2,2015-08-04,DORTMUND,42,36,168,22,588,55
2,2015-08-04,GELSENKIRCHEN,10,9,40,6,150,17
2,2015-08-10,NORDKIRCHEN,2,2,8,1,28,5
2,2015-08-19,GELSENKIRCHEN,20,18,80,7,280,26
2,2015-08-20,BOCHUM,12,10,48,5,168,17
2,2015-08-20,DORTMUND,28,22,112,13,392,43
2,2015-08-20,GELSENKIRCHEN,10,10,40,3,140,14
2,2015-08-21,BOCHUM,150,125,600,49,2114,212
2,2015-08-21,DORTMUND,7,7,28,6,98,9
2,2015-08-21,GELSENKIRCHEN,99,84,396,39,1485,159
2,2015-08-24,NORDKIRCHEN,6,6,24,6,90,12
2,2015-08-25,BOCHUM,2,1,8,1,28,0
2,2015-08-25,DORTMUND,8,7,32,2,112,7
2,2015-09-01,BOCHUM,6,6,24,4,90,10
2,2015-09-01,DORTMUND,12,12,48,8,180,21
2,2015-09-01,GELSENKIRCHEN,2,2,8,0,30,4
2,2015-09-02,DORTMUND,6,4,24,3,84,9
2,2015-09-03,BOCHUM,12,12,48,9,176,18
2,2015-09-03,DORTMUND,20,19,80,13,280,37
2,2015-09-03,GELSENKIRCHEN,4,3,16,3,60,2
2,2015-09-08,BOCHUM,30,29,120,19,450,46
2,2015-09-08,DORTMUND,46,43,184,25,690,75
2,2015-09-08,GELSENKIRCHEN,14,13,56,1,210,16
2,2015-09-10,DORTMUND,6,6,24,2,84,11
2,2015-09-14,BOCHUM,10,8,40,6,140,16
2,2015-09-14,DORTMUND,16,13,64,8,224,21
2,2015-09-14,GELSENKIRCHEN,4,4,16,1,56,4
2,2015-09-16,BOCHUM,14,9,56,1,196,21
2,2015-09-16,DORTMUND,26,22,104,9,364,31
2,2015-09-16,GELSENKIRCHEN,10,9,40,2,140,18
2,2015-09-21,GELSENKIRCHEN,78,72,312,38,1092,113
2,2015-09-23,BOCHUM,34,29,136,20,476,48
2,2015-09-23,DORTMUND,43,40,172,14,602,60
2,2015-09-23,GELSENKIRCHEN,16,16,64,12,224,30
2,2015-09-25,BOCHUM,6,5,24,2,84,3
2,2015-09-25,DORTMUND,12,10,48,3,168,19
2,2015-09-25,GELSENKIRCHEN,2,2,8,2,28,3
2,2015-10-01,BOCHUM,8,7,32,1,120,14
2,2015-10-01,DORTMUND,12,10,48,5,180,15
2,2015-10-01,GELSENKIRCHEN,2,2,8,0,30,3
2,2015-10-05,BOCHUM,2,2,8,2,28,2
2,2015-10-05,DORTMUND,10,10,40,5,140,18
2,2015-10-06,BOCHUM,8,8,32,2,120,19
2,2015-10-06,DORTMUND,14,14,56,6,210,24
2,2015-10-13,BOCHUM,12,9,48,3,180,18
2,2015-10-13,DORTMUND,30,27,120,11,450,40
2,2015-10-13,GELSENKIRCHEN,8,7,32,2,120,18
2,2015-10-21,BOCHUM,113,100,452,39,1582,176
2,2015-10-21,GELSENKIRCHEN,152,137,608,72,2218,239
2,2015-10-27,DORTMUND,2,1,8,0,30,2
2,2015-10-30,BOCHUM,3,3,12,1,45,7
2,2015-10-30,DORTMUND,70,61,280,28,1050,102
2,2015-11-09,BOCHUM,12,11,48,5,168,19
2,2015-11-09,DORTMUND,22,17,88,4,308,23
2,2015-11-09,GELSENKIRCHEN,6,6,24,6,84,9
2,2015-11-10,NORDKIRCHEN,4,4,16,1,56,5
2,2015-11-23,DORTMUND,50,44,200,24,750,76
2,2015-11-26,BOCHUM,6,6,24,1,84,9
2,2015-11-26,GELSENKIRCHEN,20,18,80,4,280,32
2,2015-11-27,NORDKIRCHEN,2,2,8,2,30,1
2,2015-12-02,NORDKIRCHEN,4,4,16,1,60,10
2,2015-12-04,BOCHUM,28,26,112,9,392,32
2,2015-12-04,DORTMUND,42,37,168,23,588,68
2,2015-12-04,GELSENKIRCHEN,10,10,40,8,140,18
2,2015-12-17,BOCHUM,12,11,48,5,168,16
2,2015-12-17,DORTMUND,1,1,4,2,14,0
2,2015-12-17,GELSENKIRCHEN,6,6,24,0,84,8
2,2015-12-18,BOCHUM,8,7,32,3,120,8
2,2015-12-18,DORTMUND,20,18,80,3,300,37
2,2015-12-18,GELSENKIRCHEN,6,5,24,3,90,8
2,2015-12-21,BOCHUM,130,120,520,54,1933,215
2,2015-12-21,DORTMUND,126,109,504,53,1764,212
2,2015-12-22,DORTMUND,4,4,16,0,60,8
2,2015-12-24,BOCHUM,16,14,64,7,240,30
2,2015-12-24,DORTMUND,36,31,144,12,540,64
2,2015-12-24,GELSENKIRCHEN,10,7,40,2,150,10
2,2015-12-28,DORTMUND,40,36,160,22,600,75
2,2015-12-30,BOCHUM,66,58,264,31,924,98
2,2015-12-30,DORTMUND,15,11,60,5,210,21
2,2015-12-30,GELSENKIRCHEN,26,22,104,6,364,46
2,2016-01-05,DORTMUND,8,7,32,8,120,18
2,2016-01-06,BOCHUM,4,3,16,0,60,7
2,2016-01-06,DORTMUND,12,9,48,2,180,17
2,2016-01-06,GELSENKIRCHEN,2,2,8,1,30,4
2,2016-01-11,BOCHUM,2,2,8,2,28,3
2,2016-01-11,DORTMUND,6,6,24,2,84,7
2,2016-01-15,DORTMUND,4,4,16,1,60,9
2,2016-01-19,NORDKIRCHEN,2,2,8,1,30,7
2,2016-01-21,GELSENKIRCHEN,45,39,180,16,630,71
2,2016-01-22,NORDKIRCHEN,4,4,16,0,56,10
2,2016-01-28,BOCHUM,14,11,56,5,199,13
2,2016-01-28,DORTMUND,36,31,144,16,504,51
2,2016-01-28,GELSENKIRCHEN,8,7,32,4,120,6
2,2016-02-03,BOCHUM,12,12,48,4,180,18
2,2016-02-03,DORTMUND,20,18,80,9,289,32
2,2016-02-03,GELSENKIRCHEN,4,3,16,2,60,4
2,2016-02-05,BOCHUM,2,2,8,0,30,1
2,2016-02-05,DORTMUND,8,7,32,2,118,8
2,2016-02-09,BOCHUM,10,5,40,2,150,8
2,2016-02-09,DORTMUND,18,18,72,7,270,32
2,2016-02-09,GELSENKIRCHEN,4,4,16,2,60,9
2,2016-02-10,DORTMUND,4,4,16,3,56,7
2,2016-02-10,GELSENKIRCHEN,6,4,24,2,90,7
2,2016-02-11,BOCHUM,2,2,8,3,30,3
2,2016-02-11,DORTMUND,8,8,32,5,120,14
2,2016-02-12,BOCHUM,4,3,16,2,56,3
2,2016-02-12,DORTMUND,12,12,48,9,168,17
2,2016-02-12,NORDKIRCHEN,2,2,8,2,30,2
2,2016-02-15,NORDKIRCHEN,2,2,8,1,28,2
2,2016-02-22,NORDKIRCHEN,2,2,8,0,30,6
2,2016-02-23,BOCHUM,32,27,128,9,468,33
2,2016-02-23,DORTMUND,44,35,176,19,616,55
2,2016-02-23,GELSENKIRCHEN,16,16,64,5,240,32
2,2016-02-26,BOCHUM,26,22,104,7,390,39
2,2016-02-26,DORTMUND,48,47,192,26,706,83
2,2016-02-26,GELSENKIRCHEN,10,10,40,9,150,19
2,2016-03-07,BOCHUM,8,8,32,3,112,12
2,2016-03-07,DORTMUND,14,13,56,9,196,22
2,2016-03-07,GELSENKIRCHEN,2,2,8,1,28,6
2,2016-03-11,BOCHUM,4,3,16,2,56,4
2,2016-03-11,DORTMUND,10,9,40,5,140,15
2,2016-03-11,NORDKIRCHEN,2,1,8,1,30,4
2,2016-03-17,BOCHUM,18,17,72,5,270,33
2,2016-03-17,DORTMUND,38,29,152,12,570,53
2,2016-03-17,GELSENKIRCHEN,1,1,4,0,15,2
2,2016-03-21,BOCHUM,98,86,392,36,1372,172
2,2016-03-21,GELSENKIRCHEN,160,146,640,73,2323,278
2,2016-03-23,DORTMUND,48,43,192,17,714,61
2,2016-03-24,NORDKIRCHEN,2,2,8,1,28,1
2,2016-03-25,BOCHUM,4,4,16,1,56,9
2,2016-03-25,DORTMUND,12,11,48,5,168,18
2,2016-03-29,BOCHUM,20,17,80,11,280,29
2,2016-03-29,DORTMUND,42,38,168,21,588,69
2,2016-03-29,GELSENKIRCHEN,12,12,48,4,168,16
2,2016-04-07,BOCHUM,8,7,32,2,112,11
2,2016-04-07,DORTMUND,14,12,56,8,196,18
2,2016-04-07,GELSENKIRCHEN,2,2,8,0,28,5
2,2016-04-12,BOCHUM,8,8,32,5,112,10
2,2016-04-12,DORTMUND,14,14,56,8,196,21
2,2016-04-12,GELSENKIRCHEN,4,4,16,2,56,4
2,2016-04-14,BOCHUM,12,8,48,2,180,15
2,2016-04-14,DORTMUND,22,19,88,13,323,36
2,2016-04-14,GELSENKIRCHEN,6,5,24,2,90,5
2,2016-04-19,DORTMUND,2,2,8,3,28,2
2,2016-04-20,BOCHUM,5,4,20,4,70,4
2,2016-04-20,GELSENKIRCHEN,10,7,40,3,140,11
2,2016-04-22,NORDKIRCHEN,4,3,16,1,60,4
2,2016-04-26,BOCHUM,44,42,176,20,660,84
2,2016-04-26,DORTMUND,60,51,240,19,876,87
2,2016-04-26,GELSENKIRCHEN,14,14,56,6,210,29
2,2016-04-28,DORTMUND,40,38,160,12,600,64
2,2016-05-04,BOCHUM,22,21,88,7,308,41
2,2016-05-04,GELSENKIRCHEN,12,11,48,12,168,17
2,2016-05-10,DORTMUND,4,4,16,3,60,8
2,2016-05-13,DORTMUND,14,12,56,9,206,11
2,2016-05-18,BOCHUM,12,12,48,8,168,24
2,2016-05-18,DORTMUND,26,26,104,11,364,39
2,2016-05-18,GELSENKIRCHEN,6,6,24,6,84,7
2,2016-05-19,NORDKIRCHEN,6,6,24,4,90,10
2,2016-05-20,BOCHUM,10,9,40,1,140,20
2,2016-05-20,GELSENKIRCHEN,10,7,40,3,140,16
2,2016-05-24,BOCHUM,26,24,104,12,390,45
2,2016-05-24,DORTMUND,36,34,144,19,504,56
2,2016-05-24,GELSENKIRCHEN,12,11,48,7,180,19
2,2016-05-25,DORTMUND,8,7,32,3,120,10
2,2016-05-27,DORTMUND,2,2,8,0,30,6
2,2016-06-02,BOCHUM,2,2,8,1,30,2
2,2016-06-02,DORTMUND,10,10,40,4,150,14
2,2016-06-07,BOCHUM,10,9,40,5,150,13
2,2016-06-07,DORTMUND,16,13,64,7,238,36
2,2016-06-07,NORDKIRCHEN,2,2,8,1,30,4
2,2016-06-09,BOCHUM,16,14,64,4,224,27
2,2016-06-09,DORTMUND,30,27,120,9,420,56
2,2016-06-09,GELSENKIRCHEN,6,6,24,5,84,5
2,2016-06-10,BOCHUM,2,2,8,2,28,4
2,2016-06-10,DORTMUND,8,7,32,4,112,9
2,2016-06-14,BOCHUM,12,12,48,3,171,22
2,2016-06-14,DORTMUND,22,16,88,5,308,21
2,2016-06-14,GELSENKIRCHEN,6,5,24,3,90,7
2,2016-06-20,BOCHUM,22,21,88,12,308,37
2,2016-06-20,DORTMUND,34,29,136,19,476,54
2,2016-06-20,GELSENKIRCHEN,12,11,48,5,168,18
2,2016-06-21,GELSENKIRCHEN,1,1,4,0,14,1
2,2016-06-22,BOCHUM,2,2,8,0,30,4
2,2016-06-22,DORTMUND,10,6,40,3,150,9
2,2016-06-27,NORDKIRCHEN,4,4,16,2,56,6
2,2016-06-29,BOCHUM,24,22,96,6,360,42
2,2016-06-29,DORTMUND,42,39,168,16,596,60
2,2016-06-29,GELSENKIRCHEN,10,10,40,3,150,16
2,2016-07-04,BOCHUM,26,24,104,11,364,45
2,2016-07-04,DORTMUND,35,33,140,12,490,65
2,2016-07-04,GELSENKIRCHEN,12,10,48,7,168,23
2,2016-07-12,BOCHUM,6,4,24,3,84,9
2,2016-07-12,DORTMUND,12,12,48,11,168,18
2,2016-07-18,BOCHUM,10,9,40,4,140,16
2,2016-07-18,GELSENKIRCHEN,6,5,24,2,84,9
2,2016-07-25,BOCHUM,4,4,16,3,56,4
2,2016-07-25,DORTMUND,10,9,40,5,140,12
2,2016-07-28,BOCHUM,22,16,88,11,308,30
2,2016-07-28,DORTMUND,40,39,160,17,560,74
2,2016-07-28,GELSENKIRCHEN,10,9,40,3,140,15
2,2016-08-02,DORTMUND,4,3,16,0,56,5
2,2016-08-04,BOCHUM,24,23,96,10,360,59
2,2016-08-04,DORTMUND,42,38,168,14,630,66
2,2016-08-04,GELSENKIRCHEN,10,9,40,3,150,16
2,2016-08-10,DORTMUND,2,2,8,1,28,4
2,2016-08-11,DORTMUND,6,5,24,2,84,7
2,2016-08-17,BOCHUM,12,10,48,7,180,27
2,2016-08-17,DORTMUND,26,22,104,14,376,40
2,2016-08-17,GELSENKIRCHEN,6,4,24,3,90,7
2,2016-08-22,NORDKIRCHEN,4,3,16,2,56,9
2,2016-08-23,BOCHUM,20,18,80,8,280,27
2,2016-08-23,DORTMUND,46,40,184,26,644,69
2,2016-08-23,GELSENKIRCHEN,14,13,56,11,196,24
2,2016-08-24,NORDKIRCHEN,6,6,24,3,84,10
2,2016-08-30,DORTMUND,11,9,44,4,165,20
2,2016-09-01,NORDKIRCHEN,4,3,16,2,56,9
2,2016-09-02,BOCHUM,2,2,8,0,28,4
2,2016-09-02,DORTMUND,8,8,32,3,112,16
2,2016-09-06,BOCHUM,8,7,32,4,112,11
2,2016-09-06,DORTMUND,14,12,56,4,196,30
2,2016-09-06,GELSENKIRCHEN,2,2,8,0,28,3
2,2016-09-07,BOCHUM,8,8,32,2,120,17
2,2016-09-07,DORTMUND,14,11,56,5,210,21
2,2016-09-07,GELSENKIRCHEN,2,1,8,0,30,1
2,2016-09-09,GELSENKIRCHEN,2,2,8,1,28,5
2,2016-09-12,BOCHUM,6,6,24,3,90,15
2,2016-09-12,DORTMUND,12,11,48,5,180,19
2,2016-09-21,BOCHUM,118,103,472,46,1652,175
2,2016-09-21,GELSENKIRCHEN,152,135,608,58,2223,233
2,2016-09-26,BOCHUM,38,31,152,17,532,57
2,2016-09-26,DORTMUND,52,43,208,21,728,77
2,2016-09-26,GELSENKIRCHEN,16,14,64,7,224,26
2,2016-09-29,BOCHUM,16,16,64,13,224,29
2,2016-09-29,DORTMUND,4,3,16,2,56,4
2,2016-09-29,GELSENKIRCHEN,10,8,40,2,140,20
2,2016-10-05,BOCHUM,2,2,8,1,28,2
2,2016-10-05,DORTMUND,8,6,32,5,112,8
2,2016-10-06,DORTMUND,12,10,48,7,168,17
2,2016-10-06,GELSENKIRCHEN,2,2,8,0,28,7
2,2016-10-07,BOCHUM,6,5,24,0,90,13
2,2016-10-07,DORTMUND,10,8,40,0,145,15
2,2016-10-10,NORDKIRCHEN,4,4,16,4,56,5
2,2016-10-14,BOCHUM,10,8,40,5,140,16
2,2016-10-14,DORTMUND,14,13,56,6,196,22
2,2016-10-14,GELSENKIRCHEN,4,4,16,3,56,2
2,2016-10-17,BOCHUM,1,1,4,1,15,2
2,2016-10-17,DORTMUND,24,22,96,12,360,35
2,2016-10-21,GELSENKIRCHEN,70,63,280,29,980,119
2,2016-10-31,BOCHUM,8,5,32,1,112,5
2,2016-10-31,DORTMUND,14,11,56,2,196,18
2,2016-10-31,GELSENKIRCHEN,6,5,24,3,84,8
2,2016-11-07,BOCHUM,2,2,8,0,30,5
2,2016-11-07,DORTMUND,12,11,48,10,180,14
2,2016-11-07,GELSENKIRCHEN,2,2,8,0,30,5
2,2016-11-10,DORTMUND,4,4,16,1,60,9
2,2016-11-14,BOCHUM,10,9,40,1,140,16
2,2016-11-14,DORTMUND,16,16,64,6,224,34
2,2016-11-14,GELSENKIRCHEN,4,4,16,4,56,4
2,2016-11-16,BOCHUM,14,13,56,7,196,27
2,2016-11-16,DORTMUND,11,10,44,10,154,15
2,2016-11-16,GELSENKIRCHEN,10,9,40,5,140,14
2,2016-11-17,BOCHUM,10,9,40,7,150,17
2,2016-11-17,DORTMUND,28,22,112,6,420,43
2,2016-11-17,GELSENKIRCHEN,5,5,20,4,72,6
2,2016-11-24,BOCHUM,18,15,72,3,252,28
2,2016-11-24,DORTMUND,42,36,168,10,588,70
2,2016-11-24,GELSENKIRCHEN,12,11,48,4,170,20
2,2016-11-28,BOCHUM,20,17,80,10,289,26
2,2016-11-28,DORTMUND,36,35,144,13,504,65
2,2016-11-28,GELSENKIRCHEN,12,12,48,4,180,18
2,2016-11-30,BOCHUM,65,60,260,18,910,116
2,2016-11-30,GELSENKIRCHEN,46,42,184,25,644,85
2,2016-12-02,DORTMUND,4,4,16,2,60,5
2,2016-12-05,DORTMUND,8,6,32,3,112,9
2,2016-12-06,BOCHUM,4,4,16,1,60,3
2,2016-12-06,DORTMUND,12,12,48,7,180,23
2,2016-12-06,GELSENKIRCHEN,2,2,8,1,30,2
2,2016-12-07,BOCHUM,1,1,4,1,15,2
2,2016-12-07,DORTMUND,10,10,40,4,150,17
2,2016-12-14,BOCHUM,10,8,40,5,140,15
2,2016-12-14,DORTMUND,14,9,56,4,196,17
2,2016-12-14,GELSENKIRCHEN,4,3,16,0,56,6
2,2016-12-16,BOCHUM,14,13,56,5,196,25
2,2016-12-16,DORTMUND,20,18,80,10,280,28
2,2016-12-16,GELSENKIRCHEN,8,8,32,12,112,17
2,2016-12-22,NORDKIRCHEN,4,2,16,2,56,3
2,2016-12-23,GELSENKIRCHEN,3,3,12,0,42,7
2,2016-12-28,BOCHUM,14,13,56,5,196,26
2,2016-12-28,DORTMUND,36,30,144,18,504,52
2,2016-12-28,GELSENKIRCHEN,8,8,32,4,112,10
2,2016-12-29,BOCHUM,14,12,56,3,196,22
2,2016-12-29,DORTMUND,30,27,120,14,420,43
2,2016-12-29,GELSENKIRCHEN,12,10,48,2,168,23
2,2016-12-30,BOCHUM,62,59,248,34,868,99
2,2016-12-30,DORTMUND,64,53,256,23,896,92
2,2016-12-30,GELSENKIRCHEN,26,22,104,8,364,43
